path,id
pred_masks\0_10_pred.png,0
pred_masks\0_11_pred.png,1
pred_masks\0_12_pred.png,2
pred_masks\0_13_pred.png,3
pred_masks\0_14_pred.png,4
pred_masks\0_15_pred.png,5
pred_masks\0_16_pred.png,6
pred_masks\0_17_pred.png,7
pred_masks\0_18_pred.png,8
pred_masks\0_19_pred.png,9
pred_masks\0_1_pred.png,10
pred_masks\0_20_pred.png,11
pred_masks\0_21_pred.png,12
pred_masks\0_22_pred.png,13
pred_masks\0_23_pred.png,14
pred_masks\0_24_pred.png,15
pred_masks\0_25_pred.png,16
pred_masks\0_26_pred.png,17
pred_masks\0_27_pred.png,18
pred_masks\0_28_pred.png,19
pred_masks\0_29_pred.png,20
pred_masks\0_2_pred.png,21
pred_masks\0_30_pred.png,22
pred_masks\0_31_pred.png,23
pred_masks\0_32_pred.png,24
pred_masks\0_33_pred.png,25
pred_masks\0_34_pred.png,26
pred_masks\0_35_pred.png,27
pred_masks\0_36_pred.png,28
pred_masks\0_37_pred.png,29
pred_masks\0_38_pred.png,30
pred_masks\0_39_pred.png,31
pred_masks\0_3_pred.png,32
pred_masks\0_40_pred.png,33
pred_masks\0_41_pred.png,34
pred_masks\0_42_pred.png,35
pred_masks\0_43_pred.png,36
pred_masks\0_44_pred.png,37
pred_masks\0_45_pred.png,38
pred_masks\0_46_pred.png,39
pred_masks\0_47_pred.png,40
pred_masks\0_48_pred.png,41
pred_masks\0_49_pred.png,42
pred_masks\0_4_pred.png,43
pred_masks\0_50_pred.png,44
pred_masks\0_51_pred.png,45
pred_masks\0_52_pred.png,46
pred_masks\0_53_pred.png,47
pred_masks\0_54_pred.png,48
pred_masks\0_55_pred.png,49
pred_masks\0_56_pred.png,50
pred_masks\0_57_pred.png,51
pred_masks\0_58_pred.png,52
pred_masks\0_59_pred.png,53
pred_masks\0_5_pred.png,54
pred_masks\0_60_pred.png,55
pred_masks\0_61_pred.png,56
pred_masks\0_62_pred.png,57
pred_masks\0_63_pred.png,58
pred_masks\0_64_pred.png,59
pred_masks\0_65_pred.png,60
pred_masks\0_66_pred.png,61
pred_masks\0_67_pred.png,62
pred_masks\0_68_pred.png,63
pred_masks\0_69_pred.png,64
pred_masks\0_6_pred.png,65
pred_masks\0_70_pred.png,66
pred_masks\0_71_pred.png,67
pred_masks\0_72_pred.png,68
pred_masks\0_73_pred.png,69
pred_masks\0_74_pred.png,70
pred_masks\0_75_pred.png,71
pred_masks\0_76_pred.png,72
pred_masks\0_77_pred.png,73
pred_masks\0_78_pred.png,74
pred_masks\0_79_pred.png,75
pred_masks\0_7_pred.png,76
pred_masks\0_80_pred.png,77
pred_masks\0_81_pred.png,78
pred_masks\0_82_pred.png,79
pred_masks\0_83_pred.png,80
pred_masks\0_84_pred.png,81
pred_masks\0_85_pred.png,82
pred_masks\0_86_pred.png,83
pred_masks\0_87_pred.png,84
pred_masks\0_88_pred.png,85
pred_masks\0_89_pred.png,86
pred_masks\0_8_pred.png,87
pred_masks\0_90_pred.png,88
pred_masks\0_91_pred.png,89
pred_masks\0_92_pred.png,90
pred_masks\0_93_pred.png,91
pred_masks\0_94_pred.png,92
pred_masks\0_95_pred.png,93
pred_masks\0_96_pred.png,94
pred_masks\0_97_pred.png,95
pred_masks\0_98_pred.png,96
pred_masks\0_99_pred.png,97
pred_masks\0_9_pred.png,98
pred_masks\0_pred.png,99
pred_masks\10_100_pred.png,100
pred_masks\10_101_pred.png,101
pred_masks\10_102_pred.png,102
pred_masks\10_103_pred.png,103
pred_masks\10_104_pred.png,104
pred_masks\10_105_pred.png,105
pred_masks\10_106_pred.png,106
pred_masks\10_107_pred.png,107
pred_masks\10_108_pred.png,108
pred_masks\10_109_pred.png,109
pred_masks\10_10_pred.png,110
pred_masks\10_110_pred.png,111
pred_masks\10_111_pred.png,112
pred_masks\10_112_pred.png,113
pred_masks\10_113_pred.png,114
pred_masks\10_114_pred.png,115
pred_masks\10_115_pred.png,116
pred_masks\10_116_pred.png,117
pred_masks\10_117_pred.png,118
pred_masks\10_118_pred.png,119
pred_masks\10_119_pred.png,120
pred_masks\10_11_pred.png,121
pred_masks\10_120_pred.png,122
pred_masks\10_121_pred.png,123
pred_masks\10_122_pred.png,124
pred_masks\10_123_pred.png,125
pred_masks\10_124_pred.png,126
pred_masks\10_125_pred.png,127
pred_masks\10_126_pred.png,128
pred_masks\10_127_pred.png,129
pred_masks\10_128_pred.png,130
pred_masks\10_129_pred.png,131
pred_masks\10_12_pred.png,132
pred_masks\10_130_pred.png,133
pred_masks\10_131_pred.png,134
pred_masks\10_132_pred.png,135
pred_masks\10_133_pred.png,136
pred_masks\10_134_pred.png,137
pred_masks\10_135_pred.png,138
pred_masks\10_136_pred.png,139
pred_masks\10_137_pred.png,140
pred_masks\10_138_pred.png,141
pred_masks\10_139_pred.png,142
pred_masks\10_13_pred.png,143
pred_masks\10_140_pred.png,144
pred_masks\10_141_pred.png,145
pred_masks\10_142_pred.png,146
pred_masks\10_143_pred.png,147
pred_masks\10_144_pred.png,148
pred_masks\10_145_pred.png,149
pred_masks\10_146_pred.png,150
pred_masks\10_147_pred.png,151
pred_masks\10_148_pred.png,152
pred_masks\10_149_pred.png,153
pred_masks\10_14_pred.png,154
pred_masks\10_150_pred.png,155
pred_masks\10_151_pred.png,156
pred_masks\10_152_pred.png,157
pred_masks\10_153_pred.png,158
pred_masks\10_154_pred.png,159
pred_masks\10_155_pred.png,160
pred_masks\10_156_pred.png,161
pred_masks\10_157_pred.png,162
pred_masks\10_158_pred.png,163
pred_masks\10_159_pred.png,164
pred_masks\10_15_pred.png,165
pred_masks\10_160_pred.png,166
pred_masks\10_161_pred.png,167
pred_masks\10_162_pred.png,168
pred_masks\10_163_pred.png,169
pred_masks\10_164_pred.png,170
pred_masks\10_165_pred.png,171
pred_masks\10_166_pred.png,172
pred_masks\10_167_pred.png,173
pred_masks\10_168_pred.png,174
pred_masks\10_169_pred.png,175
pred_masks\10_16_pred.png,176
pred_masks\10_170_pred.png,177
pred_masks\10_171_pred.png,178
pred_masks\10_172_pred.png,179
pred_masks\10_173_pred.png,180
pred_masks\10_174_pred.png,181
pred_masks\10_175_pred.png,182
pred_masks\10_176_pred.png,183
pred_masks\10_177_pred.png,184
pred_masks\10_178_pred.png,185
pred_masks\10_179_pred.png,186
pred_masks\10_17_pred.png,187
pred_masks\10_180_pred.png,188
pred_masks\10_181_pred.png,189
pred_masks\10_182_pred.png,190
pred_masks\10_183_pred.png,191
pred_masks\10_184_pred.png,192
pred_masks\10_185_pred.png,193
pred_masks\10_186_pred.png,194
pred_masks\10_187_pred.png,195
pred_masks\10_188_pred.png,196
pred_masks\10_189_pred.png,197
pred_masks\10_18_pred.png,198
pred_masks\10_190_pred.png,199
pred_masks\10_191_pred.png,200
pred_masks\10_192_pred.png,201
pred_masks\10_193_pred.png,202
pred_masks\10_194_pred.png,203
pred_masks\10_195_pred.png,204
pred_masks\10_196_pred.png,205
pred_masks\10_197_pred.png,206
pred_masks\10_198_pred.png,207
pred_masks\10_199_pred.png,208
pred_masks\10_19_pred.png,209
pred_masks\10_1_pred.png,210
pred_masks\10_20_pred.png,211
pred_masks\10_21_pred.png,212
pred_masks\10_22_pred.png,213
pred_masks\10_23_pred.png,214
pred_masks\10_24_pred.png,215
pred_masks\10_25_pred.png,216
pred_masks\10_26_pred.png,217
pred_masks\10_27_pred.png,218
pred_masks\10_28_pred.png,219
pred_masks\10_29_pred.png,220
pred_masks\10_2_pred.png,221
pred_masks\10_30_pred.png,222
pred_masks\10_31_pred.png,223
pred_masks\10_32_pred.png,224
pred_masks\10_33_pred.png,225
pred_masks\10_34_pred.png,226
pred_masks\10_35_pred.png,227
pred_masks\10_36_pred.png,228
pred_masks\10_37_pred.png,229
pred_masks\10_38_pred.png,230
pred_masks\10_39_pred.png,231
pred_masks\10_3_pred.png,232
pred_masks\10_40_pred.png,233
pred_masks\10_41_pred.png,234
pred_masks\10_42_pred.png,235
pred_masks\10_43_pred.png,236
pred_masks\10_44_pred.png,237
pred_masks\10_45_pred.png,238
pred_masks\10_46_pred.png,239
pred_masks\10_47_pred.png,240
pred_masks\10_48_pred.png,241
pred_masks\10_49_pred.png,242
pred_masks\10_4_pred.png,243
pred_masks\10_50_pred.png,244
pred_masks\10_51_pred.png,245
pred_masks\10_52_pred.png,246
pred_masks\10_53_pred.png,247
pred_masks\10_54_pred.png,248
pred_masks\10_55_pred.png,249
pred_masks\10_56_pred.png,250
pred_masks\10_57_pred.png,251
pred_masks\10_58_pred.png,252
pred_masks\10_59_pred.png,253
pred_masks\10_5_pred.png,254
pred_masks\10_60_pred.png,255
pred_masks\10_61_pred.png,256
pred_masks\10_62_pred.png,257
pred_masks\10_63_pred.png,258
pred_masks\10_64_pred.png,259
pred_masks\10_65_pred.png,260
pred_masks\10_66_pred.png,261
pred_masks\10_67_pred.png,262
pred_masks\10_68_pred.png,263
pred_masks\10_69_pred.png,264
pred_masks\10_6_pred.png,265
pred_masks\10_70_pred.png,266
pred_masks\10_71_pred.png,267
pred_masks\10_72_pred.png,268
pred_masks\10_73_pred.png,269
pred_masks\10_74_pred.png,270
pred_masks\10_75_pred.png,271
pred_masks\10_76_pred.png,272
pred_masks\10_77_pred.png,273
pred_masks\10_78_pred.png,274
pred_masks\10_79_pred.png,275
pred_masks\10_7_pred.png,276
pred_masks\10_80_pred.png,277
pred_masks\10_81_pred.png,278
pred_masks\10_82_pred.png,279
pred_masks\10_83_pred.png,280
pred_masks\10_84_pred.png,281
pred_masks\10_85_pred.png,282
pred_masks\10_86_pred.png,283
pred_masks\10_87_pred.png,284
pred_masks\10_88_pred.png,285
pred_masks\10_89_pred.png,286
pred_masks\10_8_pred.png,287
pred_masks\10_90_pred.png,288
pred_masks\10_91_pred.png,289
pred_masks\10_92_pred.png,290
pred_masks\10_93_pred.png,291
pred_masks\10_94_pred.png,292
pred_masks\10_95_pred.png,293
pred_masks\10_96_pred.png,294
pred_masks\10_97_pred.png,295
pred_masks\10_98_pred.png,296
pred_masks\10_99_pred.png,297
pred_masks\10_9_pred.png,298
pred_masks\10_pred.png,299
pred_masks\11_10_pred.png,300
pred_masks\11_11_pred.png,301
pred_masks\11_12_pred.png,302
pred_masks\11_13_pred.png,303
pred_masks\11_14_pred.png,304
pred_masks\11_15_pred.png,305
pred_masks\11_16_pred.png,306
pred_masks\11_17_pred.png,307
pred_masks\11_18_pred.png,308
pred_masks\11_19_pred.png,309
pred_masks\11_1_pred.png,310
pred_masks\11_20_pred.png,311
pred_masks\11_21_pred.png,312
pred_masks\11_22_pred.png,313
pred_masks\11_23_pred.png,314
pred_masks\11_24_pred.png,315
pred_masks\11_25_pred.png,316
pred_masks\11_26_pred.png,317
pred_masks\11_27_pred.png,318
pred_masks\11_28_pred.png,319
pred_masks\11_29_pred.png,320
pred_masks\11_2_pred.png,321
pred_masks\11_30_pred.png,322
pred_masks\11_31_pred.png,323
pred_masks\11_32_pred.png,324
pred_masks\11_33_pred.png,325
pred_masks\11_34_pred.png,326
pred_masks\11_35_pred.png,327
pred_masks\11_36_pred.png,328
pred_masks\11_37_pred.png,329
pred_masks\11_38_pred.png,330
pred_masks\11_39_pred.png,331
pred_masks\11_3_pred.png,332
pred_masks\11_40_pred.png,333
pred_masks\11_41_pred.png,334
pred_masks\11_42_pred.png,335
pred_masks\11_43_pred.png,336
pred_masks\11_44_pred.png,337
pred_masks\11_45_pred.png,338
pred_masks\11_46_pred.png,339
pred_masks\11_47_pred.png,340
pred_masks\11_48_pred.png,341
pred_masks\11_49_pred.png,342
pred_masks\11_4_pred.png,343
pred_masks\11_50_pred.png,344
pred_masks\11_51_pred.png,345
pred_masks\11_52_pred.png,346
pred_masks\11_53_pred.png,347
pred_masks\11_54_pred.png,348
pred_masks\11_55_pred.png,349
pred_masks\11_56_pred.png,350
pred_masks\11_57_pred.png,351
pred_masks\11_58_pred.png,352
pred_masks\11_59_pred.png,353
pred_masks\11_5_pred.png,354
pred_masks\11_60_pred.png,355
pred_masks\11_61_pred.png,356
pred_masks\11_62_pred.png,357
pred_masks\11_63_pred.png,358
pred_masks\11_64_pred.png,359
pred_masks\11_65_pred.png,360
pred_masks\11_66_pred.png,361
pred_masks\11_67_pred.png,362
pred_masks\11_68_pred.png,363
pred_masks\11_69_pred.png,364
pred_masks\11_6_pred.png,365
pred_masks\11_70_pred.png,366
pred_masks\11_71_pred.png,367
pred_masks\11_72_pred.png,368
pred_masks\11_73_pred.png,369
pred_masks\11_74_pred.png,370
pred_masks\11_75_pred.png,371
pred_masks\11_76_pred.png,372
pred_masks\11_77_pred.png,373
pred_masks\11_78_pred.png,374
pred_masks\11_79_pred.png,375
pred_masks\11_7_pred.png,376
pred_masks\11_80_pred.png,377
pred_masks\11_81_pred.png,378
pred_masks\11_82_pred.png,379
pred_masks\11_83_pred.png,380
pred_masks\11_84_pred.png,381
pred_masks\11_85_pred.png,382
pred_masks\11_86_pred.png,383
pred_masks\11_87_pred.png,384
pred_masks\11_88_pred.png,385
pred_masks\11_89_pred.png,386
pred_masks\11_8_pred.png,387
pred_masks\11_90_pred.png,388
pred_masks\11_91_pred.png,389
pred_masks\11_92_pred.png,390
pred_masks\11_93_pred.png,391
pred_masks\11_94_pred.png,392
pred_masks\11_95_pred.png,393
pred_masks\11_96_pred.png,394
pred_masks\11_97_pred.png,395
pred_masks\11_98_pred.png,396
pred_masks\11_99_pred.png,397
pred_masks\11_9_pred.png,398
pred_masks\11_pred.png,399
pred_masks\12_10_pred.png,400
pred_masks\12_11_pred.png,401
pred_masks\12_12_pred.png,402
pred_masks\12_13_pred.png,403
pred_masks\12_14_pred.png,404
pred_masks\12_15_pred.png,405
pred_masks\12_16_pred.png,406
pred_masks\12_17_pred.png,407
pred_masks\12_18_pred.png,408
pred_masks\12_19_pred.png,409
pred_masks\12_1_pred.png,410
pred_masks\12_20_pred.png,411
pred_masks\12_21_pred.png,412
pred_masks\12_22_pred.png,413
pred_masks\12_23_pred.png,414
pred_masks\12_24_pred.png,415
pred_masks\12_25_pred.png,416
pred_masks\12_26_pred.png,417
pred_masks\12_27_pred.png,418
pred_masks\12_28_pred.png,419
pred_masks\12_29_pred.png,420
pred_masks\12_2_pred.png,421
pred_masks\12_30_pred.png,422
pred_masks\12_31_pred.png,423
pred_masks\12_32_pred.png,424
pred_masks\12_33_pred.png,425
pred_masks\12_34_pred.png,426
pred_masks\12_35_pred.png,427
pred_masks\12_36_pred.png,428
pred_masks\12_37_pred.png,429
pred_masks\12_38_pred.png,430
pred_masks\12_39_pred.png,431
pred_masks\12_3_pred.png,432
pred_masks\12_40_pred.png,433
pred_masks\12_41_pred.png,434
pred_masks\12_42_pred.png,435
pred_masks\12_43_pred.png,436
pred_masks\12_44_pred.png,437
pred_masks\12_45_pred.png,438
pred_masks\12_46_pred.png,439
pred_masks\12_47_pred.png,440
pred_masks\12_48_pred.png,441
pred_masks\12_49_pred.png,442
pred_masks\12_4_pred.png,443
pred_masks\12_50_pred.png,444
pred_masks\12_51_pred.png,445
pred_masks\12_52_pred.png,446
pred_masks\12_53_pred.png,447
pred_masks\12_54_pred.png,448
pred_masks\12_55_pred.png,449
pred_masks\12_56_pred.png,450
pred_masks\12_57_pred.png,451
pred_masks\12_58_pred.png,452
pred_masks\12_59_pred.png,453
pred_masks\12_5_pred.png,454
pred_masks\12_60_pred.png,455
pred_masks\12_61_pred.png,456
pred_masks\12_62_pred.png,457
pred_masks\12_63_pred.png,458
pred_masks\12_64_pred.png,459
pred_masks\12_65_pred.png,460
pred_masks\12_66_pred.png,461
pred_masks\12_67_pred.png,462
pred_masks\12_68_pred.png,463
pred_masks\12_69_pred.png,464
pred_masks\12_6_pred.png,465
pred_masks\12_70_pred.png,466
pred_masks\12_71_pred.png,467
pred_masks\12_72_pred.png,468
pred_masks\12_73_pred.png,469
pred_masks\12_74_pred.png,470
pred_masks\12_75_pred.png,471
pred_masks\12_76_pred.png,472
pred_masks\12_77_pred.png,473
pred_masks\12_78_pred.png,474
pred_masks\12_79_pred.png,475
pred_masks\12_7_pred.png,476
pred_masks\12_80_pred.png,477
pred_masks\12_81_pred.png,478
pred_masks\12_82_pred.png,479
pred_masks\12_83_pred.png,480
pred_masks\12_84_pred.png,481
pred_masks\12_85_pred.png,482
pred_masks\12_86_pred.png,483
pred_masks\12_87_pred.png,484
pred_masks\12_88_pred.png,485
pred_masks\12_89_pred.png,486
pred_masks\12_8_pred.png,487
pred_masks\12_90_pred.png,488
pred_masks\12_91_pred.png,489
pred_masks\12_92_pred.png,490
pred_masks\12_93_pred.png,491
pred_masks\12_94_pred.png,492
pred_masks\12_95_pred.png,493
pred_masks\12_96_pred.png,494
pred_masks\12_97_pred.png,495
pred_masks\12_98_pred.png,496
pred_masks\12_99_pred.png,497
pred_masks\12_9_pred.png,498
pred_masks\12_pred.png,499
pred_masks\13_10_pred.png,500
pred_masks\13_11_pred.png,501
pred_masks\13_12_pred.png,502
pred_masks\13_13_pred.png,503
pred_masks\13_14_pred.png,504
pred_masks\13_15_pred.png,505
pred_masks\13_16_pred.png,506
pred_masks\13_17_pred.png,507
pred_masks\13_18_pred.png,508
pred_masks\13_19_pred.png,509
pred_masks\13_1_pred.png,510
pred_masks\13_20_pred.png,511
pred_masks\13_21_pred.png,512
pred_masks\13_22_pred.png,513
pred_masks\13_23_pred.png,514
pred_masks\13_24_pred.png,515
pred_masks\13_25_pred.png,516
pred_masks\13_26_pred.png,517
pred_masks\13_27_pred.png,518
pred_masks\13_28_pred.png,519
pred_masks\13_29_pred.png,520
pred_masks\13_2_pred.png,521
pred_masks\13_30_pred.png,522
pred_masks\13_31_pred.png,523
pred_masks\13_32_pred.png,524
pred_masks\13_33_pred.png,525
pred_masks\13_34_pred.png,526
pred_masks\13_35_pred.png,527
pred_masks\13_36_pred.png,528
pred_masks\13_37_pred.png,529
pred_masks\13_38_pred.png,530
pred_masks\13_39_pred.png,531
pred_masks\13_3_pred.png,532
pred_masks\13_40_pred.png,533
pred_masks\13_41_pred.png,534
pred_masks\13_42_pred.png,535
pred_masks\13_43_pred.png,536
pred_masks\13_44_pred.png,537
pred_masks\13_45_pred.png,538
pred_masks\13_46_pred.png,539
pred_masks\13_47_pred.png,540
pred_masks\13_48_pred.png,541
pred_masks\13_49_pred.png,542
pred_masks\13_4_pred.png,543
pred_masks\13_50_pred.png,544
pred_masks\13_51_pred.png,545
pred_masks\13_52_pred.png,546
pred_masks\13_53_pred.png,547
pred_masks\13_54_pred.png,548
pred_masks\13_55_pred.png,549
pred_masks\13_56_pred.png,550
pred_masks\13_57_pred.png,551
pred_masks\13_58_pred.png,552
pred_masks\13_59_pred.png,553
pred_masks\13_5_pred.png,554
pred_masks\13_60_pred.png,555
pred_masks\13_61_pred.png,556
pred_masks\13_62_pred.png,557
pred_masks\13_63_pred.png,558
pred_masks\13_64_pred.png,559
pred_masks\13_65_pred.png,560
pred_masks\13_66_pred.png,561
pred_masks\13_67_pred.png,562
pred_masks\13_68_pred.png,563
pred_masks\13_69_pred.png,564
pred_masks\13_6_pred.png,565
pred_masks\13_70_pred.png,566
pred_masks\13_71_pred.png,567
pred_masks\13_72_pred.png,568
pred_masks\13_73_pred.png,569
pred_masks\13_74_pred.png,570
pred_masks\13_75_pred.png,571
pred_masks\13_76_pred.png,572
pred_masks\13_77_pred.png,573
pred_masks\13_78_pred.png,574
pred_masks\13_79_pred.png,575
pred_masks\13_7_pred.png,576
pred_masks\13_80_pred.png,577
pred_masks\13_81_pred.png,578
pred_masks\13_82_pred.png,579
pred_masks\13_83_pred.png,580
pred_masks\13_84_pred.png,581
pred_masks\13_85_pred.png,582
pred_masks\13_86_pred.png,583
pred_masks\13_87_pred.png,584
pred_masks\13_88_pred.png,585
pred_masks\13_89_pred.png,586
pred_masks\13_8_pred.png,587
pred_masks\13_90_pred.png,588
pred_masks\13_91_pred.png,589
pred_masks\13_92_pred.png,590
pred_masks\13_93_pred.png,591
pred_masks\13_94_pred.png,592
pred_masks\13_95_pred.png,593
pred_masks\13_96_pred.png,594
pred_masks\13_97_pred.png,595
pred_masks\13_98_pred.png,596
pred_masks\13_99_pred.png,597
pred_masks\13_9_pred.png,598
pred_masks\13_pred.png,599
pred_masks\14_10_pred.png,600
pred_masks\14_11_pred.png,601
pred_masks\14_12_pred.png,602
pred_masks\14_13_pred.png,603
pred_masks\14_14_pred.png,604
pred_masks\14_15_pred.png,605
pred_masks\14_16_pred.png,606
pred_masks\14_17_pred.png,607
pred_masks\14_18_pred.png,608
pred_masks\14_19_pred.png,609
pred_masks\14_1_pred.png,610
pred_masks\14_20_pred.png,611
pred_masks\14_21_pred.png,612
pred_masks\14_22_pred.png,613
pred_masks\14_23_pred.png,614
pred_masks\14_24_pred.png,615
pred_masks\14_25_pred.png,616
pred_masks\14_26_pred.png,617
pred_masks\14_27_pred.png,618
pred_masks\14_28_pred.png,619
pred_masks\14_29_pred.png,620
pred_masks\14_2_pred.png,621
pred_masks\14_30_pred.png,622
pred_masks\14_31_pred.png,623
pred_masks\14_32_pred.png,624
pred_masks\14_33_pred.png,625
pred_masks\14_34_pred.png,626
pred_masks\14_35_pred.png,627
pred_masks\14_36_pred.png,628
pred_masks\14_37_pred.png,629
pred_masks\14_38_pred.png,630
pred_masks\14_39_pred.png,631
pred_masks\14_3_pred.png,632
pred_masks\14_40_pred.png,633
pred_masks\14_41_pred.png,634
pred_masks\14_42_pred.png,635
pred_masks\14_43_pred.png,636
pred_masks\14_44_pred.png,637
pred_masks\14_45_pred.png,638
pred_masks\14_46_pred.png,639
pred_masks\14_47_pred.png,640
pred_masks\14_48_pred.png,641
pred_masks\14_49_pred.png,642
pred_masks\14_4_pred.png,643
pred_masks\14_50_pred.png,644
pred_masks\14_51_pred.png,645
pred_masks\14_52_pred.png,646
pred_masks\14_53_pred.png,647
pred_masks\14_54_pred.png,648
pred_masks\14_55_pred.png,649
pred_masks\14_56_pred.png,650
pred_masks\14_57_pred.png,651
pred_masks\14_58_pred.png,652
pred_masks\14_59_pred.png,653
pred_masks\14_5_pred.png,654
pred_masks\14_60_pred.png,655
pred_masks\14_61_pred.png,656
pred_masks\14_62_pred.png,657
pred_masks\14_63_pred.png,658
pred_masks\14_64_pred.png,659
pred_masks\14_65_pred.png,660
pred_masks\14_66_pred.png,661
pred_masks\14_67_pred.png,662
pred_masks\14_68_pred.png,663
pred_masks\14_69_pred.png,664
pred_masks\14_6_pred.png,665
pred_masks\14_70_pred.png,666
pred_masks\14_71_pred.png,667
pred_masks\14_72_pred.png,668
pred_masks\14_73_pred.png,669
pred_masks\14_74_pred.png,670
pred_masks\14_75_pred.png,671
pred_masks\14_76_pred.png,672
pred_masks\14_77_pred.png,673
pred_masks\14_78_pred.png,674
pred_masks\14_79_pred.png,675
pred_masks\14_7_pred.png,676
pred_masks\14_80_pred.png,677
pred_masks\14_81_pred.png,678
pred_masks\14_82_pred.png,679
pred_masks\14_83_pred.png,680
pred_masks\14_84_pred.png,681
pred_masks\14_85_pred.png,682
pred_masks\14_86_pred.png,683
pred_masks\14_87_pred.png,684
pred_masks\14_88_pred.png,685
pred_masks\14_89_pred.png,686
pred_masks\14_8_pred.png,687
pred_masks\14_90_pred.png,688
pred_masks\14_91_pred.png,689
pred_masks\14_92_pred.png,690
pred_masks\14_93_pred.png,691
pred_masks\14_94_pred.png,692
pred_masks\14_95_pred.png,693
pred_masks\14_96_pred.png,694
pred_masks\14_97_pred.png,695
pred_masks\14_98_pred.png,696
pred_masks\14_99_pred.png,697
pred_masks\14_9_pred.png,698
pred_masks\14_pred.png,699
pred_masks\15_10_pred.png,700
pred_masks\15_11_pred.png,701
pred_masks\15_12_pred.png,702
pred_masks\15_13_pred.png,703
pred_masks\15_14_pred.png,704
pred_masks\15_15_pred.png,705
pred_masks\15_16_pred.png,706
pred_masks\15_17_pred.png,707
pred_masks\15_18_pred.png,708
pred_masks\15_19_pred.png,709
pred_masks\15_1_pred.png,710
pred_masks\15_20_pred.png,711
pred_masks\15_21_pred.png,712
pred_masks\15_22_pred.png,713
pred_masks\15_23_pred.png,714
pred_masks\15_24_pred.png,715
pred_masks\15_25_pred.png,716
pred_masks\15_26_pred.png,717
pred_masks\15_27_pred.png,718
pred_masks\15_28_pred.png,719
pred_masks\15_29_pred.png,720
pred_masks\15_2_pred.png,721
pred_masks\15_30_pred.png,722
pred_masks\15_31_pred.png,723
pred_masks\15_32_pred.png,724
pred_masks\15_33_pred.png,725
pred_masks\15_34_pred.png,726
pred_masks\15_35_pred.png,727
pred_masks\15_36_pred.png,728
pred_masks\15_37_pred.png,729
pred_masks\15_38_pred.png,730
pred_masks\15_39_pred.png,731
pred_masks\15_3_pred.png,732
pred_masks\15_40_pred.png,733
pred_masks\15_41_pred.png,734
pred_masks\15_42_pred.png,735
pred_masks\15_43_pred.png,736
pred_masks\15_44_pred.png,737
pred_masks\15_45_pred.png,738
pred_masks\15_46_pred.png,739
pred_masks\15_47_pred.png,740
pred_masks\15_48_pred.png,741
pred_masks\15_49_pred.png,742
pred_masks\15_4_pred.png,743
pred_masks\15_50_pred.png,744
pred_masks\15_51_pred.png,745
pred_masks\15_52_pred.png,746
pred_masks\15_53_pred.png,747
pred_masks\15_54_pred.png,748
pred_masks\15_55_pred.png,749
pred_masks\15_56_pred.png,750
pred_masks\15_57_pred.png,751
pred_masks\15_58_pred.png,752
pred_masks\15_59_pred.png,753
pred_masks\15_5_pred.png,754
pred_masks\15_60_pred.png,755
pred_masks\15_61_pred.png,756
pred_masks\15_62_pred.png,757
pred_masks\15_63_pred.png,758
pred_masks\15_64_pred.png,759
pred_masks\15_65_pred.png,760
pred_masks\15_66_pred.png,761
pred_masks\15_67_pred.png,762
pred_masks\15_68_pred.png,763
pred_masks\15_69_pred.png,764
pred_masks\15_6_pred.png,765
pred_masks\15_70_pred.png,766
pred_masks\15_71_pred.png,767
pred_masks\15_72_pred.png,768
pred_masks\15_73_pred.png,769
pred_masks\15_74_pred.png,770
pred_masks\15_75_pred.png,771
pred_masks\15_76_pred.png,772
pred_masks\15_77_pred.png,773
pred_masks\15_78_pred.png,774
pred_masks\15_79_pred.png,775
pred_masks\15_7_pred.png,776
pred_masks\15_80_pred.png,777
pred_masks\15_81_pred.png,778
pred_masks\15_82_pred.png,779
pred_masks\15_83_pred.png,780
pred_masks\15_84_pred.png,781
pred_masks\15_85_pred.png,782
pred_masks\15_86_pred.png,783
pred_masks\15_87_pred.png,784
pred_masks\15_88_pred.png,785
pred_masks\15_89_pred.png,786
pred_masks\15_8_pred.png,787
pred_masks\15_90_pred.png,788
pred_masks\15_91_pred.png,789
pred_masks\15_92_pred.png,790
pred_masks\15_93_pred.png,791
pred_masks\15_94_pred.png,792
pred_masks\15_95_pred.png,793
pred_masks\15_96_pred.png,794
pred_masks\15_97_pred.png,795
pred_masks\15_98_pred.png,796
pred_masks\15_99_pred.png,797
pred_masks\15_9_pred.png,798
pred_masks\15_pred.png,799
pred_masks\16_10_pred.png,800
pred_masks\16_11_pred.png,801
pred_masks\16_12_pred.png,802
pred_masks\16_13_pred.png,803
pred_masks\16_14_pred.png,804
pred_masks\16_15_pred.png,805
pred_masks\16_16_pred.png,806
pred_masks\16_17_pred.png,807
pred_masks\16_18_pred.png,808
pred_masks\16_19_pred.png,809
pred_masks\16_1_pred.png,810
pred_masks\16_20_pred.png,811
pred_masks\16_21_pred.png,812
pred_masks\16_22_pred.png,813
pred_masks\16_23_pred.png,814
pred_masks\16_24_pred.png,815
pred_masks\16_25_pred.png,816
pred_masks\16_26_pred.png,817
pred_masks\16_27_pred.png,818
pred_masks\16_28_pred.png,819
pred_masks\16_29_pred.png,820
pred_masks\16_2_pred.png,821
pred_masks\16_30_pred.png,822
pred_masks\16_31_pred.png,823
pred_masks\16_32_pred.png,824
pred_masks\16_33_pred.png,825
pred_masks\16_34_pred.png,826
pred_masks\16_35_pred.png,827
pred_masks\16_36_pred.png,828
pred_masks\16_37_pred.png,829
pred_masks\16_38_pred.png,830
pred_masks\16_39_pred.png,831
pred_masks\16_3_pred.png,832
pred_masks\16_40_pred.png,833
pred_masks\16_41_pred.png,834
pred_masks\16_42_pred.png,835
pred_masks\16_43_pred.png,836
pred_masks\16_44_pred.png,837
pred_masks\16_45_pred.png,838
pred_masks\16_46_pred.png,839
pred_masks\16_47_pred.png,840
pred_masks\16_48_pred.png,841
pred_masks\16_49_pred.png,842
pred_masks\16_4_pred.png,843
pred_masks\16_50_pred.png,844
pred_masks\16_51_pred.png,845
pred_masks\16_52_pred.png,846
pred_masks\16_53_pred.png,847
pred_masks\16_54_pred.png,848
pred_masks\16_55_pred.png,849
pred_masks\16_56_pred.png,850
pred_masks\16_57_pred.png,851
pred_masks\16_58_pred.png,852
pred_masks\16_59_pred.png,853
pred_masks\16_5_pred.png,854
pred_masks\16_60_pred.png,855
pred_masks\16_61_pred.png,856
pred_masks\16_62_pred.png,857
pred_masks\16_63_pred.png,858
pred_masks\16_64_pred.png,859
pred_masks\16_65_pred.png,860
pred_masks\16_66_pred.png,861
pred_masks\16_67_pred.png,862
pred_masks\16_68_pred.png,863
pred_masks\16_69_pred.png,864
pred_masks\16_6_pred.png,865
pred_masks\16_70_pred.png,866
pred_masks\16_71_pred.png,867
pred_masks\16_72_pred.png,868
pred_masks\16_73_pred.png,869
pred_masks\16_74_pred.png,870
pred_masks\16_75_pred.png,871
pred_masks\16_76_pred.png,872
pred_masks\16_77_pred.png,873
pred_masks\16_78_pred.png,874
pred_masks\16_79_pred.png,875
pred_masks\16_7_pred.png,876
pred_masks\16_80_pred.png,877
pred_masks\16_81_pred.png,878
pred_masks\16_82_pred.png,879
pred_masks\16_83_pred.png,880
pred_masks\16_84_pred.png,881
pred_masks\16_85_pred.png,882
pred_masks\16_86_pred.png,883
pred_masks\16_87_pred.png,884
pred_masks\16_88_pred.png,885
pred_masks\16_89_pred.png,886
pred_masks\16_8_pred.png,887
pred_masks\16_90_pred.png,888
pred_masks\16_91_pred.png,889
pred_masks\16_92_pred.png,890
pred_masks\16_93_pred.png,891
pred_masks\16_94_pred.png,892
pred_masks\16_95_pred.png,893
pred_masks\16_96_pred.png,894
pred_masks\16_97_pred.png,895
pred_masks\16_98_pred.png,896
pred_masks\16_99_pred.png,897
pred_masks\16_9_pred.png,898
pred_masks\16_pred.png,899
pred_masks\17_10_pred.png,900
pred_masks\17_11_pred.png,901
pred_masks\17_12_pred.png,902
pred_masks\17_13_pred.png,903
pred_masks\17_14_pred.png,904
pred_masks\17_15_pred.png,905
pred_masks\17_16_pred.png,906
pred_masks\17_17_pred.png,907
pred_masks\17_18_pred.png,908
pred_masks\17_19_pred.png,909
pred_masks\17_1_pred.png,910
pred_masks\17_20_pred.png,911
pred_masks\17_21_pred.png,912
pred_masks\17_22_pred.png,913
pred_masks\17_23_pred.png,914
pred_masks\17_24_pred.png,915
pred_masks\17_25_pred.png,916
pred_masks\17_26_pred.png,917
pred_masks\17_27_pred.png,918
pred_masks\17_28_pred.png,919
pred_masks\17_29_pred.png,920
pred_masks\17_2_pred.png,921
pred_masks\17_30_pred.png,922
pred_masks\17_31_pred.png,923
pred_masks\17_32_pred.png,924
pred_masks\17_33_pred.png,925
pred_masks\17_34_pred.png,926
pred_masks\17_35_pred.png,927
pred_masks\17_36_pred.png,928
pred_masks\17_37_pred.png,929
pred_masks\17_38_pred.png,930
pred_masks\17_39_pred.png,931
pred_masks\17_3_pred.png,932
pred_masks\17_40_pred.png,933
pred_masks\17_41_pred.png,934
pred_masks\17_42_pred.png,935
pred_masks\17_43_pred.png,936
pred_masks\17_44_pred.png,937
pred_masks\17_45_pred.png,938
pred_masks\17_46_pred.png,939
pred_masks\17_47_pred.png,940
pred_masks\17_48_pred.png,941
pred_masks\17_49_pred.png,942
pred_masks\17_4_pred.png,943
pred_masks\17_50_pred.png,944
pred_masks\17_51_pred.png,945
pred_masks\17_52_pred.png,946
pred_masks\17_53_pred.png,947
pred_masks\17_54_pred.png,948
pred_masks\17_55_pred.png,949
pred_masks\17_56_pred.png,950
pred_masks\17_57_pred.png,951
pred_masks\17_58_pred.png,952
pred_masks\17_59_pred.png,953
pred_masks\17_5_pred.png,954
pred_masks\17_60_pred.png,955
pred_masks\17_61_pred.png,956
pred_masks\17_62_pred.png,957
pred_masks\17_63_pred.png,958
pred_masks\17_64_pred.png,959
pred_masks\17_65_pred.png,960
pred_masks\17_66_pred.png,961
pred_masks\17_67_pred.png,962
pred_masks\17_68_pred.png,963
pred_masks\17_69_pred.png,964
pred_masks\17_6_pred.png,965
pred_masks\17_70_pred.png,966
pred_masks\17_71_pred.png,967
pred_masks\17_72_pred.png,968
pred_masks\17_73_pred.png,969
pred_masks\17_74_pred.png,970
pred_masks\17_75_pred.png,971
pred_masks\17_76_pred.png,972
pred_masks\17_77_pred.png,973
pred_masks\17_78_pred.png,974
pred_masks\17_79_pred.png,975
pred_masks\17_7_pred.png,976
pred_masks\17_80_pred.png,977
pred_masks\17_81_pred.png,978
pred_masks\17_82_pred.png,979
pred_masks\17_83_pred.png,980
pred_masks\17_84_pred.png,981
pred_masks\17_85_pred.png,982
pred_masks\17_86_pred.png,983
pred_masks\17_87_pred.png,984
pred_masks\17_88_pred.png,985
pred_masks\17_89_pred.png,986
pred_masks\17_8_pred.png,987
pred_masks\17_90_pred.png,988
pred_masks\17_91_pred.png,989
pred_masks\17_92_pred.png,990
pred_masks\17_93_pred.png,991
pred_masks\17_94_pred.png,992
pred_masks\17_95_pred.png,993
pred_masks\17_96_pred.png,994
pred_masks\17_97_pred.png,995
pred_masks\17_98_pred.png,996
pred_masks\17_99_pred.png,997
pred_masks\17_9_pred.png,998
pred_masks\17_pred.png,999
pred_masks\18_10_pred.png,1000
pred_masks\18_11_pred.png,1001
pred_masks\18_12_pred.png,1002
pred_masks\18_13_pred.png,1003
pred_masks\18_14_pred.png,1004
pred_masks\18_15_pred.png,1005
pred_masks\18_16_pred.png,1006
pred_masks\18_17_pred.png,1007
pred_masks\18_18_pred.png,1008
pred_masks\18_19_pred.png,1009
pred_masks\18_1_pred.png,1010
pred_masks\18_20_pred.png,1011
pred_masks\18_21_pred.png,1012
pred_masks\18_22_pred.png,1013
pred_masks\18_23_pred.png,1014
pred_masks\18_24_pred.png,1015
pred_masks\18_25_pred.png,1016
pred_masks\18_26_pred.png,1017
pred_masks\18_27_pred.png,1018
pred_masks\18_28_pred.png,1019
pred_masks\18_29_pred.png,1020
pred_masks\18_2_pred.png,1021
pred_masks\18_30_pred.png,1022
pred_masks\18_31_pred.png,1023
pred_masks\18_32_pred.png,1024
pred_masks\18_33_pred.png,1025
pred_masks\18_34_pred.png,1026
pred_masks\18_35_pred.png,1027
pred_masks\18_36_pred.png,1028
pred_masks\18_37_pred.png,1029
pred_masks\18_38_pred.png,1030
pred_masks\18_39_pred.png,1031
pred_masks\18_3_pred.png,1032
pred_masks\18_40_pred.png,1033
pred_masks\18_41_pred.png,1034
pred_masks\18_42_pred.png,1035
pred_masks\18_43_pred.png,1036
pred_masks\18_44_pred.png,1037
pred_masks\18_45_pred.png,1038
pred_masks\18_46_pred.png,1039
pred_masks\18_47_pred.png,1040
pred_masks\18_48_pred.png,1041
pred_masks\18_49_pred.png,1042
pred_masks\18_4_pred.png,1043
pred_masks\18_50_pred.png,1044
pred_masks\18_51_pred.png,1045
pred_masks\18_52_pred.png,1046
pred_masks\18_53_pred.png,1047
pred_masks\18_54_pred.png,1048
pred_masks\18_55_pred.png,1049
pred_masks\18_56_pred.png,1050
pred_masks\18_57_pred.png,1051
pred_masks\18_58_pred.png,1052
pred_masks\18_59_pred.png,1053
pred_masks\18_5_pred.png,1054
pred_masks\18_60_pred.png,1055
pred_masks\18_61_pred.png,1056
pred_masks\18_62_pred.png,1057
pred_masks\18_63_pred.png,1058
pred_masks\18_64_pred.png,1059
pred_masks\18_65_pred.png,1060
pred_masks\18_66_pred.png,1061
pred_masks\18_67_pred.png,1062
pred_masks\18_68_pred.png,1063
pred_masks\18_69_pred.png,1064
pred_masks\18_6_pred.png,1065
pred_masks\18_70_pred.png,1066
pred_masks\18_71_pred.png,1067
pred_masks\18_72_pred.png,1068
pred_masks\18_73_pred.png,1069
pred_masks\18_74_pred.png,1070
pred_masks\18_75_pred.png,1071
pred_masks\18_76_pred.png,1072
pred_masks\18_77_pred.png,1073
pred_masks\18_78_pred.png,1074
pred_masks\18_79_pred.png,1075
pred_masks\18_7_pred.png,1076
pred_masks\18_80_pred.png,1077
pred_masks\18_81_pred.png,1078
pred_masks\18_82_pred.png,1079
pred_masks\18_83_pred.png,1080
pred_masks\18_84_pred.png,1081
pred_masks\18_85_pred.png,1082
pred_masks\18_86_pred.png,1083
pred_masks\18_87_pred.png,1084
pred_masks\18_88_pred.png,1085
pred_masks\18_89_pred.png,1086
pred_masks\18_8_pred.png,1087
pred_masks\18_90_pred.png,1088
pred_masks\18_91_pred.png,1089
pred_masks\18_92_pred.png,1090
pred_masks\18_93_pred.png,1091
pred_masks\18_94_pred.png,1092
pred_masks\18_95_pred.png,1093
pred_masks\18_96_pred.png,1094
pred_masks\18_97_pred.png,1095
pred_masks\18_98_pred.png,1096
pred_masks\18_99_pred.png,1097
pred_masks\18_9_pred.png,1098
pred_masks\18_pred.png,1099
pred_masks\19_10_pred.png,1100
pred_masks\19_11_pred.png,1101
pred_masks\19_12_pred.png,1102
pred_masks\19_13_pred.png,1103
pred_masks\19_14_pred.png,1104
pred_masks\19_15_pred.png,1105
pred_masks\19_16_pred.png,1106
pred_masks\19_17_pred.png,1107
pred_masks\19_18_pred.png,1108
pred_masks\19_19_pred.png,1109
pred_masks\19_1_pred.png,1110
pred_masks\19_20_pred.png,1111
pred_masks\19_21_pred.png,1112
pred_masks\19_22_pred.png,1113
pred_masks\19_23_pred.png,1114
pred_masks\19_24_pred.png,1115
pred_masks\19_25_pred.png,1116
pred_masks\19_26_pred.png,1117
pred_masks\19_27_pred.png,1118
pred_masks\19_28_pred.png,1119
pred_masks\19_29_pred.png,1120
pred_masks\19_2_pred.png,1121
pred_masks\19_30_pred.png,1122
pred_masks\19_31_pred.png,1123
pred_masks\19_32_pred.png,1124
pred_masks\19_33_pred.png,1125
pred_masks\19_34_pred.png,1126
pred_masks\19_35_pred.png,1127
pred_masks\19_36_pred.png,1128
pred_masks\19_37_pred.png,1129
pred_masks\19_38_pred.png,1130
pred_masks\19_39_pred.png,1131
pred_masks\19_3_pred.png,1132
pred_masks\19_40_pred.png,1133
pred_masks\19_41_pred.png,1134
pred_masks\19_42_pred.png,1135
pred_masks\19_43_pred.png,1136
pred_masks\19_44_pred.png,1137
pred_masks\19_45_pred.png,1138
pred_masks\19_46_pred.png,1139
pred_masks\19_47_pred.png,1140
pred_masks\19_48_pred.png,1141
pred_masks\19_49_pred.png,1142
pred_masks\19_4_pred.png,1143
pred_masks\19_50_pred.png,1144
pred_masks\19_51_pred.png,1145
pred_masks\19_52_pred.png,1146
pred_masks\19_53_pred.png,1147
pred_masks\19_54_pred.png,1148
pred_masks\19_55_pred.png,1149
pred_masks\19_56_pred.png,1150
pred_masks\19_57_pred.png,1151
pred_masks\19_58_pred.png,1152
pred_masks\19_59_pred.png,1153
pred_masks\19_5_pred.png,1154
pred_masks\19_60_pred.png,1155
pred_masks\19_61_pred.png,1156
pred_masks\19_62_pred.png,1157
pred_masks\19_63_pred.png,1158
pred_masks\19_64_pred.png,1159
pred_masks\19_65_pred.png,1160
pred_masks\19_66_pred.png,1161
pred_masks\19_67_pred.png,1162
pred_masks\19_68_pred.png,1163
pred_masks\19_69_pred.png,1164
pred_masks\19_6_pred.png,1165
pred_masks\19_70_pred.png,1166
pred_masks\19_71_pred.png,1167
pred_masks\19_72_pred.png,1168
pred_masks\19_73_pred.png,1169
pred_masks\19_74_pred.png,1170
pred_masks\19_75_pred.png,1171
pred_masks\19_76_pred.png,1172
pred_masks\19_77_pred.png,1173
pred_masks\19_78_pred.png,1174
pred_masks\19_79_pred.png,1175
pred_masks\19_7_pred.png,1176
pred_masks\19_80_pred.png,1177
pred_masks\19_81_pred.png,1178
pred_masks\19_82_pred.png,1179
pred_masks\19_83_pred.png,1180
pred_masks\19_84_pred.png,1181
pred_masks\19_85_pred.png,1182
pred_masks\19_86_pred.png,1183
pred_masks\19_87_pred.png,1184
pred_masks\19_88_pred.png,1185
pred_masks\19_89_pred.png,1186
pred_masks\19_8_pred.png,1187
pred_masks\19_90_pred.png,1188
pred_masks\19_91_pred.png,1189
pred_masks\19_92_pred.png,1190
pred_masks\19_93_pred.png,1191
pred_masks\19_94_pred.png,1192
pred_masks\19_95_pred.png,1193
pred_masks\19_96_pred.png,1194
pred_masks\19_97_pred.png,1195
pred_masks\19_98_pred.png,1196
pred_masks\19_99_pred.png,1197
pred_masks\19_9_pred.png,1198
pred_masks\19_pred.png,1199
pred_masks\1_100_pred.png,1200
pred_masks\1_101_pred.png,1201
pred_masks\1_102_pred.png,1202
pred_masks\1_103_pred.png,1203
pred_masks\1_104_pred.png,1204
pred_masks\1_105_pred.png,1205
pred_masks\1_106_pred.png,1206
pred_masks\1_107_pred.png,1207
pred_masks\1_108_pred.png,1208
pred_masks\1_109_pred.png,1209
pred_masks\1_10_pred.png,1210
pred_masks\1_110_pred.png,1211
pred_masks\1_111_pred.png,1212
pred_masks\1_112_pred.png,1213
pred_masks\1_113_pred.png,1214
pred_masks\1_114_pred.png,1215
pred_masks\1_115_pred.png,1216
pred_masks\1_116_pred.png,1217
pred_masks\1_117_pred.png,1218
pred_masks\1_118_pred.png,1219
pred_masks\1_119_pred.png,1220
pred_masks\1_11_pred.png,1221
pred_masks\1_120_pred.png,1222
pred_masks\1_121_pred.png,1223
pred_masks\1_122_pred.png,1224
pred_masks\1_123_pred.png,1225
pred_masks\1_124_pred.png,1226
pred_masks\1_125_pred.png,1227
pred_masks\1_126_pred.png,1228
pred_masks\1_127_pred.png,1229
pred_masks\1_128_pred.png,1230
pred_masks\1_129_pred.png,1231
pred_masks\1_12_pred.png,1232
pred_masks\1_130_pred.png,1233
pred_masks\1_131_pred.png,1234
pred_masks\1_132_pred.png,1235
pred_masks\1_133_pred.png,1236
pred_masks\1_134_pred.png,1237
pred_masks\1_135_pred.png,1238
pred_masks\1_136_pred.png,1239
pred_masks\1_137_pred.png,1240
pred_masks\1_138_pred.png,1241
pred_masks\1_139_pred.png,1242
pred_masks\1_13_pred.png,1243
pred_masks\1_140_pred.png,1244
pred_masks\1_141_pred.png,1245
pred_masks\1_142_pred.png,1246
pred_masks\1_143_pred.png,1247
pred_masks\1_144_pred.png,1248
pred_masks\1_145_pred.png,1249
pred_masks\1_146_pred.png,1250
pred_masks\1_147_pred.png,1251
pred_masks\1_148_pred.png,1252
pred_masks\1_149_pred.png,1253
pred_masks\1_14_pred.png,1254
pred_masks\1_150_pred.png,1255
pred_masks\1_151_pred.png,1256
pred_masks\1_152_pred.png,1257
pred_masks\1_153_pred.png,1258
pred_masks\1_154_pred.png,1259
pred_masks\1_155_pred.png,1260
pred_masks\1_156_pred.png,1261
pred_masks\1_157_pred.png,1262
pred_masks\1_158_pred.png,1263
pred_masks\1_159_pred.png,1264
pred_masks\1_15_pred.png,1265
pred_masks\1_160_pred.png,1266
pred_masks\1_161_pred.png,1267
pred_masks\1_162_pred.png,1268
pred_masks\1_163_pred.png,1269
pred_masks\1_164_pred.png,1270
pred_masks\1_165_pred.png,1271
pred_masks\1_166_pred.png,1272
pred_masks\1_167_pred.png,1273
pred_masks\1_168_pred.png,1274
pred_masks\1_169_pred.png,1275
pred_masks\1_16_pred.png,1276
pred_masks\1_170_pred.png,1277
pred_masks\1_171_pred.png,1278
pred_masks\1_172_pred.png,1279
pred_masks\1_173_pred.png,1280
pred_masks\1_174_pred.png,1281
pred_masks\1_175_pred.png,1282
pred_masks\1_176_pred.png,1283
pred_masks\1_177_pred.png,1284
pred_masks\1_178_pred.png,1285
pred_masks\1_179_pred.png,1286
pred_masks\1_17_pred.png,1287
pred_masks\1_180_pred.png,1288
pred_masks\1_181_pred.png,1289
pred_masks\1_182_pred.png,1290
pred_masks\1_183_pred.png,1291
pred_masks\1_184_pred.png,1292
pred_masks\1_185_pred.png,1293
pred_masks\1_186_pred.png,1294
pred_masks\1_187_pred.png,1295
pred_masks\1_188_pred.png,1296
pred_masks\1_189_pred.png,1297
pred_masks\1_18_pred.png,1298
pred_masks\1_190_pred.png,1299
pred_masks\1_191_pred.png,1300
pred_masks\1_192_pred.png,1301
pred_masks\1_193_pred.png,1302
pred_masks\1_194_pred.png,1303
pred_masks\1_195_pred.png,1304
pred_masks\1_196_pred.png,1305
pred_masks\1_197_pred.png,1306
pred_masks\1_198_pred.png,1307
pred_masks\1_199_pred.png,1308
pred_masks\1_19_pred.png,1309
pred_masks\1_1_pred.png,1310
pred_masks\1_200_pred.png,1311
pred_masks\1_201_pred.png,1312
pred_masks\1_202_pred.png,1313
pred_masks\1_203_pred.png,1314
pred_masks\1_204_pred.png,1315
pred_masks\1_205_pred.png,1316
pred_masks\1_206_pred.png,1317
pred_masks\1_207_pred.png,1318
pred_masks\1_208_pred.png,1319
pred_masks\1_209_pred.png,1320
pred_masks\1_20_pred.png,1321
pred_masks\1_210_pred.png,1322
pred_masks\1_211_pred.png,1323
pred_masks\1_212_pred.png,1324
pred_masks\1_213_pred.png,1325
pred_masks\1_214_pred.png,1326
pred_masks\1_215_pred.png,1327
pred_masks\1_216_pred.png,1328
pred_masks\1_217_pred.png,1329
pred_masks\1_218_pred.png,1330
pred_masks\1_219_pred.png,1331
pred_masks\1_21_pred.png,1332
pred_masks\1_220_pred.png,1333
pred_masks\1_221_pred.png,1334
pred_masks\1_222_pred.png,1335
pred_masks\1_223_pred.png,1336
pred_masks\1_224_pred.png,1337
pred_masks\1_225_pred.png,1338
pred_masks\1_226_pred.png,1339
pred_masks\1_227_pred.png,1340
pred_masks\1_228_pred.png,1341
pred_masks\1_229_pred.png,1342
pred_masks\1_22_pred.png,1343
pred_masks\1_230_pred.png,1344
pred_masks\1_231_pred.png,1345
pred_masks\1_232_pred.png,1346
pred_masks\1_233_pred.png,1347
pred_masks\1_234_pred.png,1348
pred_masks\1_235_pred.png,1349
pred_masks\1_236_pred.png,1350
pred_masks\1_237_pred.png,1351
pred_masks\1_238_pred.png,1352
pred_masks\1_239_pred.png,1353
pred_masks\1_23_pred.png,1354
pred_masks\1_240_pred.png,1355
pred_masks\1_241_pred.png,1356
pred_masks\1_242_pred.png,1357
pred_masks\1_243_pred.png,1358
pred_masks\1_244_pred.png,1359
pred_masks\1_245_pred.png,1360
pred_masks\1_246_pred.png,1361
pred_masks\1_247_pred.png,1362
pred_masks\1_248_pred.png,1363
pred_masks\1_249_pred.png,1364
pred_masks\1_24_pred.png,1365
pred_masks\1_250_pred.png,1366
pred_masks\1_251_pred.png,1367
pred_masks\1_252_pred.png,1368
pred_masks\1_253_pred.png,1369
pred_masks\1_254_pred.png,1370
pred_masks\1_255_pred.png,1371
pred_masks\1_256_pred.png,1372
pred_masks\1_257_pred.png,1373
pred_masks\1_258_pred.png,1374
pred_masks\1_259_pred.png,1375
pred_masks\1_25_pred.png,1376
pred_masks\1_260_pred.png,1377
pred_masks\1_261_pred.png,1378
pred_masks\1_262_pred.png,1379
pred_masks\1_263_pred.png,1380
pred_masks\1_264_pred.png,1381
pred_masks\1_265_pred.png,1382
pred_masks\1_266_pred.png,1383
pred_masks\1_267_pred.png,1384
pred_masks\1_268_pred.png,1385
pred_masks\1_269_pred.png,1386
pred_masks\1_26_pred.png,1387
pred_masks\1_270_pred.png,1388
pred_masks\1_271_pred.png,1389
pred_masks\1_272_pred.png,1390
pred_masks\1_273_pred.png,1391
pred_masks\1_274_pred.png,1392
pred_masks\1_275_pred.png,1393
pred_masks\1_276_pred.png,1394
pred_masks\1_277_pred.png,1395
pred_masks\1_278_pred.png,1396
pred_masks\1_279_pred.png,1397
pred_masks\1_27_pred.png,1398
pred_masks\1_280_pred.png,1399
pred_masks\1_281_pred.png,1400
pred_masks\1_282_pred.png,1401
pred_masks\1_283_pred.png,1402
pred_masks\1_284_pred.png,1403
pred_masks\1_285_pred.png,1404
pred_masks\1_286_pred.png,1405
pred_masks\1_287_pred.png,1406
pred_masks\1_288_pred.png,1407
pred_masks\1_289_pred.png,1408
pred_masks\1_28_pred.png,1409
pred_masks\1_290_pred.png,1410
pred_masks\1_291_pred.png,1411
pred_masks\1_292_pred.png,1412
pred_masks\1_293_pred.png,1413
pred_masks\1_294_pred.png,1414
pred_masks\1_295_pred.png,1415
pred_masks\1_296_pred.png,1416
pred_masks\1_297_pred.png,1417
pred_masks\1_298_pred.png,1418
pred_masks\1_299_pred.png,1419
pred_masks\1_29_pred.png,1420
pred_masks\1_2_pred.png,1421
pred_masks\1_30_pred.png,1422
pred_masks\1_31_pred.png,1423
pred_masks\1_32_pred.png,1424
pred_masks\1_33_pred.png,1425
pred_masks\1_34_pred.png,1426
pred_masks\1_35_pred.png,1427
pred_masks\1_36_pred.png,1428
pred_masks\1_37_pred.png,1429
pred_masks\1_38_pred.png,1430
pred_masks\1_39_pred.png,1431
pred_masks\1_3_pred.png,1432
pred_masks\1_40_pred.png,1433
pred_masks\1_41_pred.png,1434
pred_masks\1_42_pred.png,1435
pred_masks\1_43_pred.png,1436
pred_masks\1_44_pred.png,1437
pred_masks\1_45_pred.png,1438
pred_masks\1_46_pred.png,1439
pred_masks\1_47_pred.png,1440
pred_masks\1_48_pred.png,1441
pred_masks\1_49_pred.png,1442
pred_masks\1_4_pred.png,1443
pred_masks\1_50_pred.png,1444
pred_masks\1_51_pred.png,1445
pred_masks\1_52_pred.png,1446
pred_masks\1_53_pred.png,1447
pred_masks\1_54_pred.png,1448
pred_masks\1_55_pred.png,1449
pred_masks\1_56_pred.png,1450
pred_masks\1_57_pred.png,1451
pred_masks\1_58_pred.png,1452
pred_masks\1_59_pred.png,1453
pred_masks\1_5_pred.png,1454
pred_masks\1_60_pred.png,1455
pred_masks\1_61_pred.png,1456
pred_masks\1_62_pred.png,1457
pred_masks\1_63_pred.png,1458
pred_masks\1_64_pred.png,1459
pred_masks\1_65_pred.png,1460
pred_masks\1_66_pred.png,1461
pred_masks\1_67_pred.png,1462
pred_masks\1_68_pred.png,1463
pred_masks\1_69_pred.png,1464
pred_masks\1_6_pred.png,1465
pred_masks\1_70_pred.png,1466
pred_masks\1_71_pred.png,1467
pred_masks\1_72_pred.png,1468
pred_masks\1_73_pred.png,1469
pred_masks\1_74_pred.png,1470
pred_masks\1_75_pred.png,1471
pred_masks\1_76_pred.png,1472
pred_masks\1_77_pred.png,1473
pred_masks\1_78_pred.png,1474
pred_masks\1_79_pred.png,1475
pred_masks\1_7_pred.png,1476
pred_masks\1_80_pred.png,1477
pred_masks\1_81_pred.png,1478
pred_masks\1_82_pred.png,1479
pred_masks\1_83_pred.png,1480
pred_masks\1_84_pred.png,1481
pred_masks\1_85_pred.png,1482
pred_masks\1_86_pred.png,1483
pred_masks\1_87_pred.png,1484
pred_masks\1_88_pred.png,1485
pred_masks\1_89_pred.png,1486
pred_masks\1_8_pred.png,1487
pred_masks\1_90_pred.png,1488
pred_masks\1_91_pred.png,1489
pred_masks\1_92_pred.png,1490
pred_masks\1_93_pred.png,1491
pred_masks\1_94_pred.png,1492
pred_masks\1_95_pred.png,1493
pred_masks\1_96_pred.png,1494
pred_masks\1_97_pred.png,1495
pred_masks\1_98_pred.png,1496
pred_masks\1_99_pred.png,1497
pred_masks\1_9_pred.png,1498
pred_masks\1_pred.png,1499
pred_masks\20_10_pred.png,1500
pred_masks\20_11_pred.png,1501
pred_masks\20_12_pred.png,1502
pred_masks\20_13_pred.png,1503
pred_masks\20_14_pred.png,1504
pred_masks\20_15_pred.png,1505
pred_masks\20_16_pred.png,1506
pred_masks\20_17_pred.png,1507
pred_masks\20_18_pred.png,1508
pred_masks\20_19_pred.png,1509
pred_masks\20_1_pred.png,1510
pred_masks\20_20_pred.png,1511
pred_masks\20_21_pred.png,1512
pred_masks\20_22_pred.png,1513
pred_masks\20_23_pred.png,1514
pred_masks\20_24_pred.png,1515
pred_masks\20_25_pred.png,1516
pred_masks\20_26_pred.png,1517
pred_masks\20_27_pred.png,1518
pred_masks\20_28_pred.png,1519
pred_masks\20_29_pred.png,1520
pred_masks\20_2_pred.png,1521
pred_masks\20_30_pred.png,1522
pred_masks\20_31_pred.png,1523
pred_masks\20_32_pred.png,1524
pred_masks\20_33_pred.png,1525
pred_masks\20_34_pred.png,1526
pred_masks\20_35_pred.png,1527
pred_masks\20_36_pred.png,1528
pred_masks\20_37_pred.png,1529
pred_masks\20_38_pred.png,1530
pred_masks\20_39_pred.png,1531
pred_masks\20_3_pred.png,1532
pred_masks\20_40_pred.png,1533
pred_masks\20_41_pred.png,1534
pred_masks\20_42_pred.png,1535
pred_masks\20_43_pred.png,1536
pred_masks\20_44_pred.png,1537
pred_masks\20_45_pred.png,1538
pred_masks\20_46_pred.png,1539
pred_masks\20_47_pred.png,1540
pred_masks\20_48_pred.png,1541
pred_masks\20_49_pred.png,1542
pred_masks\20_4_pred.png,1543
pred_masks\20_50_pred.png,1544
pred_masks\20_51_pred.png,1545
pred_masks\20_52_pred.png,1546
pred_masks\20_53_pred.png,1547
pred_masks\20_54_pred.png,1548
pred_masks\20_55_pred.png,1549
pred_masks\20_56_pred.png,1550
pred_masks\20_57_pred.png,1551
pred_masks\20_58_pred.png,1552
pred_masks\20_59_pred.png,1553
pred_masks\20_5_pred.png,1554
pred_masks\20_60_pred.png,1555
pred_masks\20_61_pred.png,1556
pred_masks\20_62_pred.png,1557
pred_masks\20_63_pred.png,1558
pred_masks\20_64_pred.png,1559
pred_masks\20_65_pred.png,1560
pred_masks\20_66_pred.png,1561
pred_masks\20_67_pred.png,1562
pred_masks\20_68_pred.png,1563
pred_masks\20_69_pred.png,1564
pred_masks\20_6_pred.png,1565
pred_masks\20_70_pred.png,1566
pred_masks\20_71_pred.png,1567
pred_masks\20_72_pred.png,1568
pred_masks\20_73_pred.png,1569
pred_masks\20_74_pred.png,1570
pred_masks\20_75_pred.png,1571
pred_masks\20_76_pred.png,1572
pred_masks\20_77_pred.png,1573
pred_masks\20_78_pred.png,1574
pred_masks\20_79_pred.png,1575
pred_masks\20_7_pred.png,1576
pred_masks\20_80_pred.png,1577
pred_masks\20_81_pred.png,1578
pred_masks\20_82_pred.png,1579
pred_masks\20_83_pred.png,1580
pred_masks\20_84_pred.png,1581
pred_masks\20_85_pred.png,1582
pred_masks\20_86_pred.png,1583
pred_masks\20_87_pred.png,1584
pred_masks\20_88_pred.png,1585
pred_masks\20_89_pred.png,1586
pred_masks\20_8_pred.png,1587
pred_masks\20_90_pred.png,1588
pred_masks\20_91_pred.png,1589
pred_masks\20_92_pred.png,1590
pred_masks\20_93_pred.png,1591
pred_masks\20_94_pred.png,1592
pred_masks\20_95_pred.png,1593
pred_masks\20_96_pred.png,1594
pred_masks\20_97_pred.png,1595
pred_masks\20_98_pred.png,1596
pred_masks\20_99_pred.png,1597
pred_masks\20_9_pred.png,1598
pred_masks\20_pred.png,1599
pred_masks\21_10_pred.png,1600
pred_masks\21_11_pred.png,1601
pred_masks\21_12_pred.png,1602
pred_masks\21_13_pred.png,1603
pred_masks\21_14_pred.png,1604
pred_masks\21_15_pred.png,1605
pred_masks\21_16_pred.png,1606
pred_masks\21_17_pred.png,1607
pred_masks\21_18_pred.png,1608
pred_masks\21_19_pred.png,1609
pred_masks\21_1_pred.png,1610
pred_masks\21_20_pred.png,1611
pred_masks\21_21_pred.png,1612
pred_masks\21_22_pred.png,1613
pred_masks\21_23_pred.png,1614
pred_masks\21_24_pred.png,1615
pred_masks\21_25_pred.png,1616
pred_masks\21_26_pred.png,1617
pred_masks\21_27_pred.png,1618
pred_masks\21_28_pred.png,1619
pred_masks\21_29_pred.png,1620
pred_masks\21_2_pred.png,1621
pred_masks\21_30_pred.png,1622
pred_masks\21_31_pred.png,1623
pred_masks\21_32_pred.png,1624
pred_masks\21_33_pred.png,1625
pred_masks\21_34_pred.png,1626
pred_masks\21_35_pred.png,1627
pred_masks\21_36_pred.png,1628
pred_masks\21_37_pred.png,1629
pred_masks\21_38_pred.png,1630
pred_masks\21_39_pred.png,1631
pred_masks\21_3_pred.png,1632
pred_masks\21_40_pred.png,1633
pred_masks\21_41_pred.png,1634
pred_masks\21_42_pred.png,1635
pred_masks\21_43_pred.png,1636
pred_masks\21_44_pred.png,1637
pred_masks\21_45_pred.png,1638
pred_masks\21_46_pred.png,1639
pred_masks\21_47_pred.png,1640
pred_masks\21_48_pred.png,1641
pred_masks\21_49_pred.png,1642
pred_masks\21_4_pred.png,1643
pred_masks\21_50_pred.png,1644
pred_masks\21_51_pred.png,1645
pred_masks\21_52_pred.png,1646
pred_masks\21_53_pred.png,1647
pred_masks\21_54_pred.png,1648
pred_masks\21_55_pred.png,1649
pred_masks\21_56_pred.png,1650
pred_masks\21_57_pred.png,1651
pred_masks\21_58_pred.png,1652
pred_masks\21_59_pred.png,1653
pred_masks\21_5_pred.png,1654
pred_masks\21_60_pred.png,1655
pred_masks\21_61_pred.png,1656
pred_masks\21_62_pred.png,1657
pred_masks\21_63_pred.png,1658
pred_masks\21_64_pred.png,1659
pred_masks\21_65_pred.png,1660
pred_masks\21_66_pred.png,1661
pred_masks\21_67_pred.png,1662
pred_masks\21_68_pred.png,1663
pred_masks\21_69_pred.png,1664
pred_masks\21_6_pred.png,1665
pred_masks\21_70_pred.png,1666
pred_masks\21_71_pred.png,1667
pred_masks\21_72_pred.png,1668
pred_masks\21_73_pred.png,1669
pred_masks\21_74_pred.png,1670
pred_masks\21_75_pred.png,1671
pred_masks\21_76_pred.png,1672
pred_masks\21_77_pred.png,1673
pred_masks\21_78_pred.png,1674
pred_masks\21_79_pred.png,1675
pred_masks\21_7_pred.png,1676
pred_masks\21_80_pred.png,1677
pred_masks\21_81_pred.png,1678
pred_masks\21_82_pred.png,1679
pred_masks\21_83_pred.png,1680
pred_masks\21_84_pred.png,1681
pred_masks\21_85_pred.png,1682
pred_masks\21_86_pred.png,1683
pred_masks\21_87_pred.png,1684
pred_masks\21_88_pred.png,1685
pred_masks\21_89_pred.png,1686
pred_masks\21_8_pred.png,1687
pred_masks\21_90_pred.png,1688
pred_masks\21_91_pred.png,1689
pred_masks\21_92_pred.png,1690
pred_masks\21_93_pred.png,1691
pred_masks\21_94_pred.png,1692
pred_masks\21_95_pred.png,1693
pred_masks\21_96_pred.png,1694
pred_masks\21_97_pred.png,1695
pred_masks\21_98_pred.png,1696
pred_masks\21_99_pred.png,1697
pred_masks\21_9_pred.png,1698
pred_masks\21_pred.png,1699
pred_masks\22_10_pred.png,1700
pred_masks\22_11_pred.png,1701
pred_masks\22_12_pred.png,1702
pred_masks\22_13_pred.png,1703
pred_masks\22_14_pred.png,1704
pred_masks\22_15_pred.png,1705
pred_masks\22_16_pred.png,1706
pred_masks\22_17_pred.png,1707
pred_masks\22_18_pred.png,1708
pred_masks\22_19_pred.png,1709
pred_masks\22_1_pred.png,1710
pred_masks\22_20_pred.png,1711
pred_masks\22_21_pred.png,1712
pred_masks\22_22_pred.png,1713
pred_masks\22_23_pred.png,1714
pred_masks\22_24_pred.png,1715
pred_masks\22_25_pred.png,1716
pred_masks\22_26_pred.png,1717
pred_masks\22_27_pred.png,1718
pred_masks\22_28_pred.png,1719
pred_masks\22_29_pred.png,1720
pred_masks\22_2_pred.png,1721
pred_masks\22_30_pred.png,1722
pred_masks\22_31_pred.png,1723
pred_masks\22_32_pred.png,1724
pred_masks\22_33_pred.png,1725
pred_masks\22_34_pred.png,1726
pred_masks\22_35_pred.png,1727
pred_masks\22_36_pred.png,1728
pred_masks\22_37_pred.png,1729
pred_masks\22_38_pred.png,1730
pred_masks\22_39_pred.png,1731
pred_masks\22_3_pred.png,1732
pred_masks\22_40_pred.png,1733
pred_masks\22_41_pred.png,1734
pred_masks\22_42_pred.png,1735
pred_masks\22_43_pred.png,1736
pred_masks\22_44_pred.png,1737
pred_masks\22_45_pred.png,1738
pred_masks\22_46_pred.png,1739
pred_masks\22_47_pred.png,1740
pred_masks\22_48_pred.png,1741
pred_masks\22_49_pred.png,1742
pred_masks\22_4_pred.png,1743
pred_masks\22_50_pred.png,1744
pred_masks\22_51_pred.png,1745
pred_masks\22_52_pred.png,1746
pred_masks\22_53_pred.png,1747
pred_masks\22_54_pred.png,1748
pred_masks\22_55_pred.png,1749
pred_masks\22_56_pred.png,1750
pred_masks\22_57_pred.png,1751
pred_masks\22_58_pred.png,1752
pred_masks\22_59_pred.png,1753
pred_masks\22_5_pred.png,1754
pred_masks\22_60_pred.png,1755
pred_masks\22_61_pred.png,1756
pred_masks\22_62_pred.png,1757
pred_masks\22_63_pred.png,1758
pred_masks\22_64_pred.png,1759
pred_masks\22_65_pred.png,1760
pred_masks\22_66_pred.png,1761
pred_masks\22_67_pred.png,1762
pred_masks\22_68_pred.png,1763
pred_masks\22_69_pred.png,1764
pred_masks\22_6_pred.png,1765
pred_masks\22_70_pred.png,1766
pred_masks\22_71_pred.png,1767
pred_masks\22_72_pred.png,1768
pred_masks\22_73_pred.png,1769
pred_masks\22_74_pred.png,1770
pred_masks\22_75_pred.png,1771
pred_masks\22_76_pred.png,1772
pred_masks\22_77_pred.png,1773
pred_masks\22_78_pred.png,1774
pred_masks\22_79_pred.png,1775
pred_masks\22_7_pred.png,1776
pred_masks\22_80_pred.png,1777
pred_masks\22_81_pred.png,1778
pred_masks\22_82_pred.png,1779
pred_masks\22_83_pred.png,1780
pred_masks\22_84_pred.png,1781
pred_masks\22_85_pred.png,1782
pred_masks\22_86_pred.png,1783
pred_masks\22_87_pred.png,1784
pred_masks\22_88_pred.png,1785
pred_masks\22_89_pred.png,1786
pred_masks\22_8_pred.png,1787
pred_masks\22_90_pred.png,1788
pred_masks\22_91_pred.png,1789
pred_masks\22_92_pred.png,1790
pred_masks\22_93_pred.png,1791
pred_masks\22_94_pred.png,1792
pred_masks\22_95_pred.png,1793
pred_masks\22_96_pred.png,1794
pred_masks\22_97_pred.png,1795
pred_masks\22_98_pred.png,1796
pred_masks\22_99_pred.png,1797
pred_masks\22_9_pred.png,1798
pred_masks\22_pred.png,1799
pred_masks\23_10_pred.png,1800
pred_masks\23_11_pred.png,1801
pred_masks\23_12_pred.png,1802
pred_masks\23_13_pred.png,1803
pred_masks\23_14_pred.png,1804
pred_masks\23_15_pred.png,1805
pred_masks\23_16_pred.png,1806
pred_masks\23_17_pred.png,1807
pred_masks\23_18_pred.png,1808
pred_masks\23_19_pred.png,1809
pred_masks\23_1_pred.png,1810
pred_masks\23_20_pred.png,1811
pred_masks\23_21_pred.png,1812
pred_masks\23_22_pred.png,1813
pred_masks\23_23_pred.png,1814
pred_masks\23_24_pred.png,1815
pred_masks\23_25_pred.png,1816
pred_masks\23_26_pred.png,1817
pred_masks\23_27_pred.png,1818
pred_masks\23_28_pred.png,1819
pred_masks\23_29_pred.png,1820
pred_masks\23_2_pred.png,1821
pred_masks\23_30_pred.png,1822
pred_masks\23_31_pred.png,1823
pred_masks\23_32_pred.png,1824
pred_masks\23_33_pred.png,1825
pred_masks\23_34_pred.png,1826
pred_masks\23_35_pred.png,1827
pred_masks\23_36_pred.png,1828
pred_masks\23_37_pred.png,1829
pred_masks\23_38_pred.png,1830
pred_masks\23_39_pred.png,1831
pred_masks\23_3_pred.png,1832
pred_masks\23_40_pred.png,1833
pred_masks\23_41_pred.png,1834
pred_masks\23_42_pred.png,1835
pred_masks\23_43_pred.png,1836
pred_masks\23_44_pred.png,1837
pred_masks\23_45_pred.png,1838
pred_masks\23_46_pred.png,1839
pred_masks\23_47_pred.png,1840
pred_masks\23_48_pred.png,1841
pred_masks\23_49_pred.png,1842
pred_masks\23_4_pred.png,1843
pred_masks\23_50_pred.png,1844
pred_masks\23_51_pred.png,1845
pred_masks\23_52_pred.png,1846
pred_masks\23_53_pred.png,1847
pred_masks\23_54_pred.png,1848
pred_masks\23_55_pred.png,1849
pred_masks\23_56_pred.png,1850
pred_masks\23_57_pred.png,1851
pred_masks\23_58_pred.png,1852
pred_masks\23_59_pred.png,1853
pred_masks\23_5_pred.png,1854
pred_masks\23_60_pred.png,1855
pred_masks\23_61_pred.png,1856
pred_masks\23_62_pred.png,1857
pred_masks\23_63_pred.png,1858
pred_masks\23_64_pred.png,1859
pred_masks\23_65_pred.png,1860
pred_masks\23_66_pred.png,1861
pred_masks\23_67_pred.png,1862
pred_masks\23_68_pred.png,1863
pred_masks\23_69_pred.png,1864
pred_masks\23_6_pred.png,1865
pred_masks\23_70_pred.png,1866
pred_masks\23_71_pred.png,1867
pred_masks\23_72_pred.png,1868
pred_masks\23_73_pred.png,1869
pred_masks\23_74_pred.png,1870
pred_masks\23_75_pred.png,1871
pred_masks\23_76_pred.png,1872
pred_masks\23_77_pred.png,1873
pred_masks\23_78_pred.png,1874
pred_masks\23_79_pred.png,1875
pred_masks\23_7_pred.png,1876
pred_masks\23_80_pred.png,1877
pred_masks\23_81_pred.png,1878
pred_masks\23_82_pred.png,1879
pred_masks\23_83_pred.png,1880
pred_masks\23_84_pred.png,1881
pred_masks\23_85_pred.png,1882
pred_masks\23_86_pred.png,1883
pred_masks\23_87_pred.png,1884
pred_masks\23_88_pred.png,1885
pred_masks\23_89_pred.png,1886
pred_masks\23_8_pred.png,1887
pred_masks\23_90_pred.png,1888
pred_masks\23_91_pred.png,1889
pred_masks\23_92_pred.png,1890
pred_masks\23_93_pred.png,1891
pred_masks\23_94_pred.png,1892
pred_masks\23_95_pred.png,1893
pred_masks\23_96_pred.png,1894
pred_masks\23_97_pred.png,1895
pred_masks\23_98_pred.png,1896
pred_masks\23_99_pred.png,1897
pred_masks\23_9_pred.png,1898
pred_masks\23_pred.png,1899
pred_masks\24_10_pred.png,1900
pred_masks\24_11_pred.png,1901
pred_masks\24_12_pred.png,1902
pred_masks\24_13_pred.png,1903
pred_masks\24_14_pred.png,1904
pred_masks\24_15_pred.png,1905
pred_masks\24_16_pred.png,1906
pred_masks\24_17_pred.png,1907
pred_masks\24_18_pred.png,1908
pred_masks\24_19_pred.png,1909
pred_masks\24_1_pred.png,1910
pred_masks\24_20_pred.png,1911
pred_masks\24_21_pred.png,1912
pred_masks\24_22_pred.png,1913
pred_masks\24_23_pred.png,1914
pred_masks\24_24_pred.png,1915
pred_masks\24_25_pred.png,1916
pred_masks\24_26_pred.png,1917
pred_masks\24_27_pred.png,1918
pred_masks\24_28_pred.png,1919
pred_masks\24_29_pred.png,1920
pred_masks\24_2_pred.png,1921
pred_masks\24_30_pred.png,1922
pred_masks\24_31_pred.png,1923
pred_masks\24_32_pred.png,1924
pred_masks\24_33_pred.png,1925
pred_masks\24_34_pred.png,1926
pred_masks\24_35_pred.png,1927
pred_masks\24_36_pred.png,1928
pred_masks\24_37_pred.png,1929
pred_masks\24_38_pred.png,1930
pred_masks\24_39_pred.png,1931
pred_masks\24_3_pred.png,1932
pred_masks\24_40_pred.png,1933
pred_masks\24_41_pred.png,1934
pred_masks\24_42_pred.png,1935
pred_masks\24_43_pred.png,1936
pred_masks\24_44_pred.png,1937
pred_masks\24_45_pred.png,1938
pred_masks\24_46_pred.png,1939
pred_masks\24_47_pred.png,1940
pred_masks\24_48_pred.png,1941
pred_masks\24_49_pred.png,1942
pred_masks\24_4_pred.png,1943
pred_masks\24_50_pred.png,1944
pred_masks\24_51_pred.png,1945
pred_masks\24_52_pred.png,1946
pred_masks\24_53_pred.png,1947
pred_masks\24_54_pred.png,1948
pred_masks\24_55_pred.png,1949
pred_masks\24_56_pred.png,1950
pred_masks\24_57_pred.png,1951
pred_masks\24_58_pred.png,1952
pred_masks\24_59_pred.png,1953
pred_masks\24_5_pred.png,1954
pred_masks\24_60_pred.png,1955
pred_masks\24_61_pred.png,1956
pred_masks\24_62_pred.png,1957
pred_masks\24_63_pred.png,1958
pred_masks\24_64_pred.png,1959
pred_masks\24_65_pred.png,1960
pred_masks\24_66_pred.png,1961
pred_masks\24_67_pred.png,1962
pred_masks\24_68_pred.png,1963
pred_masks\24_69_pred.png,1964
pred_masks\24_6_pred.png,1965
pred_masks\24_70_pred.png,1966
pred_masks\24_71_pred.png,1967
pred_masks\24_72_pred.png,1968
pred_masks\24_73_pred.png,1969
pred_masks\24_74_pred.png,1970
pred_masks\24_75_pred.png,1971
pred_masks\24_76_pred.png,1972
pred_masks\24_77_pred.png,1973
pred_masks\24_78_pred.png,1974
pred_masks\24_79_pred.png,1975
pred_masks\24_7_pred.png,1976
pred_masks\24_80_pred.png,1977
pred_masks\24_81_pred.png,1978
pred_masks\24_82_pred.png,1979
pred_masks\24_83_pred.png,1980
pred_masks\24_84_pred.png,1981
pred_masks\24_85_pred.png,1982
pred_masks\24_86_pred.png,1983
pred_masks\24_87_pred.png,1984
pred_masks\24_88_pred.png,1985
pred_masks\24_89_pred.png,1986
pred_masks\24_8_pred.png,1987
pred_masks\24_90_pred.png,1988
pred_masks\24_91_pred.png,1989
pred_masks\24_92_pred.png,1990
pred_masks\24_93_pred.png,1991
pred_masks\24_94_pred.png,1992
pred_masks\24_95_pred.png,1993
pred_masks\24_96_pred.png,1994
pred_masks\24_97_pred.png,1995
pred_masks\24_98_pred.png,1996
pred_masks\24_99_pred.png,1997
pred_masks\24_9_pred.png,1998
pred_masks\24_pred.png,1999
pred_masks\25_10_pred.png,2000
pred_masks\25_11_pred.png,2001
pred_masks\25_12_pred.png,2002
pred_masks\25_13_pred.png,2003
pred_masks\25_14_pred.png,2004
pred_masks\25_15_pred.png,2005
pred_masks\25_16_pred.png,2006
pred_masks\25_17_pred.png,2007
pred_masks\25_18_pred.png,2008
pred_masks\25_19_pred.png,2009
pred_masks\25_1_pred.png,2010
pred_masks\25_20_pred.png,2011
pred_masks\25_21_pred.png,2012
pred_masks\25_22_pred.png,2013
pred_masks\25_23_pred.png,2014
pred_masks\25_24_pred.png,2015
pred_masks\25_25_pred.png,2016
pred_masks\25_26_pred.png,2017
pred_masks\25_27_pred.png,2018
pred_masks\25_28_pred.png,2019
pred_masks\25_29_pred.png,2020
pred_masks\25_2_pred.png,2021
pred_masks\25_30_pred.png,2022
pred_masks\25_31_pred.png,2023
pred_masks\25_32_pred.png,2024
pred_masks\25_33_pred.png,2025
pred_masks\25_34_pred.png,2026
pred_masks\25_35_pred.png,2027
pred_masks\25_36_pred.png,2028
pred_masks\25_37_pred.png,2029
pred_masks\25_38_pred.png,2030
pred_masks\25_39_pred.png,2031
pred_masks\25_3_pred.png,2032
pred_masks\25_40_pred.png,2033
pred_masks\25_41_pred.png,2034
pred_masks\25_42_pred.png,2035
pred_masks\25_43_pred.png,2036
pred_masks\25_44_pred.png,2037
pred_masks\25_45_pred.png,2038
pred_masks\25_46_pred.png,2039
pred_masks\25_47_pred.png,2040
pred_masks\25_48_pred.png,2041
pred_masks\25_49_pred.png,2042
pred_masks\25_4_pred.png,2043
pred_masks\25_50_pred.png,2044
pred_masks\25_51_pred.png,2045
pred_masks\25_52_pred.png,2046
pred_masks\25_53_pred.png,2047
pred_masks\25_54_pred.png,2048
pred_masks\25_55_pred.png,2049
pred_masks\25_56_pred.png,2050
pred_masks\25_57_pred.png,2051
pred_masks\25_58_pred.png,2052
pred_masks\25_59_pred.png,2053
pred_masks\25_5_pred.png,2054
pred_masks\25_60_pred.png,2055
pred_masks\25_61_pred.png,2056
pred_masks\25_62_pred.png,2057
pred_masks\25_63_pred.png,2058
pred_masks\25_64_pred.png,2059
pred_masks\25_65_pred.png,2060
pred_masks\25_66_pred.png,2061
pred_masks\25_67_pred.png,2062
pred_masks\25_68_pred.png,2063
pred_masks\25_69_pred.png,2064
pred_masks\25_6_pred.png,2065
pred_masks\25_70_pred.png,2066
pred_masks\25_71_pred.png,2067
pred_masks\25_72_pred.png,2068
pred_masks\25_73_pred.png,2069
pred_masks\25_74_pred.png,2070
pred_masks\25_75_pred.png,2071
pred_masks\25_76_pred.png,2072
pred_masks\25_77_pred.png,2073
pred_masks\25_78_pred.png,2074
pred_masks\25_79_pred.png,2075
pred_masks\25_7_pred.png,2076
pred_masks\25_80_pred.png,2077
pred_masks\25_81_pred.png,2078
pred_masks\25_82_pred.png,2079
pred_masks\25_83_pred.png,2080
pred_masks\25_84_pred.png,2081
pred_masks\25_85_pred.png,2082
pred_masks\25_86_pred.png,2083
pred_masks\25_87_pred.png,2084
pred_masks\25_88_pred.png,2085
pred_masks\25_89_pred.png,2086
pred_masks\25_8_pred.png,2087
pred_masks\25_90_pred.png,2088
pred_masks\25_91_pred.png,2089
pred_masks\25_92_pred.png,2090
pred_masks\25_93_pred.png,2091
pred_masks\25_94_pred.png,2092
pred_masks\25_95_pred.png,2093
pred_masks\25_96_pred.png,2094
pred_masks\25_97_pred.png,2095
pred_masks\25_98_pred.png,2096
pred_masks\25_99_pred.png,2097
pred_masks\25_9_pred.png,2098
pred_masks\25_pred.png,2099
pred_masks\26_10_pred.png,2100
pred_masks\26_11_pred.png,2101
pred_masks\26_12_pred.png,2102
pred_masks\26_13_pred.png,2103
pred_masks\26_14_pred.png,2104
pred_masks\26_15_pred.png,2105
pred_masks\26_16_pred.png,2106
pred_masks\26_17_pred.png,2107
pred_masks\26_18_pred.png,2108
pred_masks\26_19_pred.png,2109
pred_masks\26_1_pred.png,2110
pred_masks\26_20_pred.png,2111
pred_masks\26_21_pred.png,2112
pred_masks\26_22_pred.png,2113
pred_masks\26_23_pred.png,2114
pred_masks\26_24_pred.png,2115
pred_masks\26_25_pred.png,2116
pred_masks\26_26_pred.png,2117
pred_masks\26_27_pred.png,2118
pred_masks\26_28_pred.png,2119
pred_masks\26_29_pred.png,2120
pred_masks\26_2_pred.png,2121
pred_masks\26_30_pred.png,2122
pred_masks\26_31_pred.png,2123
pred_masks\26_32_pred.png,2124
pred_masks\26_33_pred.png,2125
pred_masks\26_34_pred.png,2126
pred_masks\26_35_pred.png,2127
pred_masks\26_36_pred.png,2128
pred_masks\26_37_pred.png,2129
pred_masks\26_38_pred.png,2130
pred_masks\26_39_pred.png,2131
pred_masks\26_3_pred.png,2132
pred_masks\26_40_pred.png,2133
pred_masks\26_41_pred.png,2134
pred_masks\26_42_pred.png,2135
pred_masks\26_43_pred.png,2136
pred_masks\26_44_pred.png,2137
pred_masks\26_45_pred.png,2138
pred_masks\26_46_pred.png,2139
pred_masks\26_47_pred.png,2140
pred_masks\26_48_pred.png,2141
pred_masks\26_49_pred.png,2142
pred_masks\26_4_pred.png,2143
pred_masks\26_50_pred.png,2144
pred_masks\26_51_pred.png,2145
pred_masks\26_52_pred.png,2146
pred_masks\26_53_pred.png,2147
pred_masks\26_54_pred.png,2148
pred_masks\26_55_pred.png,2149
pred_masks\26_56_pred.png,2150
pred_masks\26_57_pred.png,2151
pred_masks\26_58_pred.png,2152
pred_masks\26_59_pred.png,2153
pred_masks\26_5_pred.png,2154
pred_masks\26_60_pred.png,2155
pred_masks\26_61_pred.png,2156
pred_masks\26_62_pred.png,2157
pred_masks\26_63_pred.png,2158
pred_masks\26_64_pred.png,2159
pred_masks\26_65_pred.png,2160
pred_masks\26_66_pred.png,2161
pred_masks\26_67_pred.png,2162
pred_masks\26_68_pred.png,2163
pred_masks\26_69_pred.png,2164
pred_masks\26_6_pred.png,2165
pred_masks\26_70_pred.png,2166
pred_masks\26_71_pred.png,2167
pred_masks\26_72_pred.png,2168
pred_masks\26_73_pred.png,2169
pred_masks\26_74_pred.png,2170
pred_masks\26_75_pred.png,2171
pred_masks\26_76_pred.png,2172
pred_masks\26_77_pred.png,2173
pred_masks\26_78_pred.png,2174
pred_masks\26_79_pred.png,2175
pred_masks\26_7_pred.png,2176
pred_masks\26_80_pred.png,2177
pred_masks\26_81_pred.png,2178
pred_masks\26_82_pred.png,2179
pred_masks\26_83_pred.png,2180
pred_masks\26_84_pred.png,2181
pred_masks\26_85_pred.png,2182
pred_masks\26_86_pred.png,2183
pred_masks\26_87_pred.png,2184
pred_masks\26_88_pred.png,2185
pred_masks\26_89_pred.png,2186
pred_masks\26_8_pred.png,2187
pred_masks\26_90_pred.png,2188
pred_masks\26_91_pred.png,2189
pred_masks\26_92_pred.png,2190
pred_masks\26_93_pred.png,2191
pred_masks\26_94_pred.png,2192
pred_masks\26_95_pred.png,2193
pred_masks\26_96_pred.png,2194
pred_masks\26_97_pred.png,2195
pred_masks\26_98_pred.png,2196
pred_masks\26_99_pred.png,2197
pred_masks\26_9_pred.png,2198
pred_masks\26_pred.png,2199
pred_masks\27_10_pred.png,2200
pred_masks\27_11_pred.png,2201
pred_masks\27_12_pred.png,2202
pred_masks\27_13_pred.png,2203
pred_masks\27_14_pred.png,2204
pred_masks\27_15_pred.png,2205
pred_masks\27_16_pred.png,2206
pred_masks\27_17_pred.png,2207
pred_masks\27_18_pred.png,2208
pred_masks\27_19_pred.png,2209
pred_masks\27_1_pred.png,2210
pred_masks\27_20_pred.png,2211
pred_masks\27_21_pred.png,2212
pred_masks\27_22_pred.png,2213
pred_masks\27_23_pred.png,2214
pred_masks\27_24_pred.png,2215
pred_masks\27_25_pred.png,2216
pred_masks\27_26_pred.png,2217
pred_masks\27_27_pred.png,2218
pred_masks\27_28_pred.png,2219
pred_masks\27_29_pred.png,2220
pred_masks\27_2_pred.png,2221
pred_masks\27_30_pred.png,2222
pred_masks\27_31_pred.png,2223
pred_masks\27_32_pred.png,2224
pred_masks\27_33_pred.png,2225
pred_masks\27_34_pred.png,2226
pred_masks\27_35_pred.png,2227
pred_masks\27_36_pred.png,2228
pred_masks\27_37_pred.png,2229
pred_masks\27_38_pred.png,2230
pred_masks\27_39_pred.png,2231
pred_masks\27_3_pred.png,2232
pred_masks\27_40_pred.png,2233
pred_masks\27_41_pred.png,2234
pred_masks\27_42_pred.png,2235
pred_masks\27_43_pred.png,2236
pred_masks\27_44_pred.png,2237
pred_masks\27_45_pred.png,2238
pred_masks\27_46_pred.png,2239
pred_masks\27_47_pred.png,2240
pred_masks\27_48_pred.png,2241
pred_masks\27_49_pred.png,2242
pred_masks\27_4_pred.png,2243
pred_masks\27_50_pred.png,2244
pred_masks\27_51_pred.png,2245
pred_masks\27_52_pred.png,2246
pred_masks\27_53_pred.png,2247
pred_masks\27_54_pred.png,2248
pred_masks\27_55_pred.png,2249
pred_masks\27_56_pred.png,2250
pred_masks\27_57_pred.png,2251
pred_masks\27_58_pred.png,2252
pred_masks\27_59_pred.png,2253
pred_masks\27_5_pred.png,2254
pred_masks\27_60_pred.png,2255
pred_masks\27_61_pred.png,2256
pred_masks\27_62_pred.png,2257
pred_masks\27_63_pred.png,2258
pred_masks\27_64_pred.png,2259
pred_masks\27_65_pred.png,2260
pred_masks\27_66_pred.png,2261
pred_masks\27_67_pred.png,2262
pred_masks\27_68_pred.png,2263
pred_masks\27_69_pred.png,2264
pred_masks\27_6_pred.png,2265
pred_masks\27_70_pred.png,2266
pred_masks\27_71_pred.png,2267
pred_masks\27_72_pred.png,2268
pred_masks\27_73_pred.png,2269
pred_masks\27_74_pred.png,2270
pred_masks\27_75_pred.png,2271
pred_masks\27_76_pred.png,2272
pred_masks\27_77_pred.png,2273
pred_masks\27_78_pred.png,2274
pred_masks\27_79_pred.png,2275
pred_masks\27_7_pred.png,2276
pred_masks\27_80_pred.png,2277
pred_masks\27_81_pred.png,2278
pred_masks\27_82_pred.png,2279
pred_masks\27_83_pred.png,2280
pred_masks\27_84_pred.png,2281
pred_masks\27_85_pred.png,2282
pred_masks\27_86_pred.png,2283
pred_masks\27_87_pred.png,2284
pred_masks\27_88_pred.png,2285
pred_masks\27_89_pred.png,2286
pred_masks\27_8_pred.png,2287
pred_masks\27_90_pred.png,2288
pred_masks\27_91_pred.png,2289
pred_masks\27_92_pred.png,2290
pred_masks\27_93_pred.png,2291
pred_masks\27_94_pred.png,2292
pred_masks\27_95_pred.png,2293
pred_masks\27_96_pred.png,2294
pred_masks\27_97_pred.png,2295
pred_masks\27_98_pred.png,2296
pred_masks\27_99_pred.png,2297
pred_masks\27_9_pred.png,2298
pred_masks\27_pred.png,2299
pred_masks\28_10_pred.png,2300
pred_masks\28_11_pred.png,2301
pred_masks\28_12_pred.png,2302
pred_masks\28_13_pred.png,2303
pred_masks\28_14_pred.png,2304
pred_masks\28_15_pred.png,2305
pred_masks\28_16_pred.png,2306
pred_masks\28_17_pred.png,2307
pred_masks\28_18_pred.png,2308
pred_masks\28_19_pred.png,2309
pred_masks\28_1_pred.png,2310
pred_masks\28_20_pred.png,2311
pred_masks\28_21_pred.png,2312
pred_masks\28_22_pred.png,2313
pred_masks\28_23_pred.png,2314
pred_masks\28_24_pred.png,2315
pred_masks\28_25_pred.png,2316
pred_masks\28_26_pred.png,2317
pred_masks\28_27_pred.png,2318
pred_masks\28_28_pred.png,2319
pred_masks\28_29_pred.png,2320
pred_masks\28_2_pred.png,2321
pred_masks\28_30_pred.png,2322
pred_masks\28_31_pred.png,2323
pred_masks\28_32_pred.png,2324
pred_masks\28_33_pred.png,2325
pred_masks\28_34_pred.png,2326
pred_masks\28_35_pred.png,2327
pred_masks\28_36_pred.png,2328
pred_masks\28_37_pred.png,2329
pred_masks\28_38_pred.png,2330
pred_masks\28_39_pred.png,2331
pred_masks\28_3_pred.png,2332
pred_masks\28_40_pred.png,2333
pred_masks\28_41_pred.png,2334
pred_masks\28_42_pred.png,2335
pred_masks\28_43_pred.png,2336
pred_masks\28_44_pred.png,2337
pred_masks\28_45_pred.png,2338
pred_masks\28_46_pred.png,2339
pred_masks\28_47_pred.png,2340
pred_masks\28_48_pred.png,2341
pred_masks\28_49_pred.png,2342
pred_masks\28_4_pred.png,2343
pred_masks\28_50_pred.png,2344
pred_masks\28_51_pred.png,2345
pred_masks\28_52_pred.png,2346
pred_masks\28_53_pred.png,2347
pred_masks\28_54_pred.png,2348
pred_masks\28_55_pred.png,2349
pred_masks\28_56_pred.png,2350
pred_masks\28_57_pred.png,2351
pred_masks\28_58_pred.png,2352
pred_masks\28_59_pred.png,2353
pred_masks\28_5_pred.png,2354
pred_masks\28_60_pred.png,2355
pred_masks\28_61_pred.png,2356
pred_masks\28_62_pred.png,2357
pred_masks\28_63_pred.png,2358
pred_masks\28_64_pred.png,2359
pred_masks\28_65_pred.png,2360
pred_masks\28_66_pred.png,2361
pred_masks\28_67_pred.png,2362
pred_masks\28_68_pred.png,2363
pred_masks\28_69_pred.png,2364
pred_masks\28_6_pred.png,2365
pred_masks\28_70_pred.png,2366
pred_masks\28_71_pred.png,2367
pred_masks\28_72_pred.png,2368
pred_masks\28_73_pred.png,2369
pred_masks\28_74_pred.png,2370
pred_masks\28_75_pred.png,2371
pred_masks\28_76_pred.png,2372
pred_masks\28_77_pred.png,2373
pred_masks\28_78_pred.png,2374
pred_masks\28_79_pred.png,2375
pred_masks\28_7_pred.png,2376
pred_masks\28_80_pred.png,2377
pred_masks\28_81_pred.png,2378
pred_masks\28_82_pred.png,2379
pred_masks\28_83_pred.png,2380
pred_masks\28_84_pred.png,2381
pred_masks\28_85_pred.png,2382
pred_masks\28_86_pred.png,2383
pred_masks\28_87_pred.png,2384
pred_masks\28_88_pred.png,2385
pred_masks\28_89_pred.png,2386
pred_masks\28_8_pred.png,2387
pred_masks\28_90_pred.png,2388
pred_masks\28_91_pred.png,2389
pred_masks\28_92_pred.png,2390
pred_masks\28_93_pred.png,2391
pred_masks\28_94_pred.png,2392
pred_masks\28_95_pred.png,2393
pred_masks\28_96_pred.png,2394
pred_masks\28_97_pred.png,2395
pred_masks\28_98_pred.png,2396
pred_masks\28_99_pred.png,2397
pred_masks\28_9_pred.png,2398
pred_masks\28_pred.png,2399
pred_masks\29_10_pred.png,2400
pred_masks\29_11_pred.png,2401
pred_masks\29_12_pred.png,2402
pred_masks\29_13_pred.png,2403
pred_masks\29_14_pred.png,2404
pred_masks\29_15_pred.png,2405
pred_masks\29_16_pred.png,2406
pred_masks\29_17_pred.png,2407
pred_masks\29_18_pred.png,2408
pred_masks\29_19_pred.png,2409
pred_masks\29_1_pred.png,2410
pred_masks\29_20_pred.png,2411
pred_masks\29_21_pred.png,2412
pred_masks\29_22_pred.png,2413
pred_masks\29_23_pred.png,2414
pred_masks\29_24_pred.png,2415
pred_masks\29_25_pred.png,2416
pred_masks\29_26_pred.png,2417
pred_masks\29_27_pred.png,2418
pred_masks\29_28_pred.png,2419
pred_masks\29_29_pred.png,2420
pred_masks\29_2_pred.png,2421
pred_masks\29_30_pred.png,2422
pred_masks\29_31_pred.png,2423
pred_masks\29_32_pred.png,2424
pred_masks\29_33_pred.png,2425
pred_masks\29_34_pred.png,2426
pred_masks\29_35_pred.png,2427
pred_masks\29_36_pred.png,2428
pred_masks\29_37_pred.png,2429
pred_masks\29_38_pred.png,2430
pred_masks\29_39_pred.png,2431
pred_masks\29_3_pred.png,2432
pred_masks\29_40_pred.png,2433
pred_masks\29_41_pred.png,2434
pred_masks\29_42_pred.png,2435
pred_masks\29_43_pred.png,2436
pred_masks\29_44_pred.png,2437
pred_masks\29_45_pred.png,2438
pred_masks\29_46_pred.png,2439
pred_masks\29_47_pred.png,2440
pred_masks\29_48_pred.png,2441
pred_masks\29_49_pred.png,2442
pred_masks\29_4_pred.png,2443
pred_masks\29_50_pred.png,2444
pred_masks\29_51_pred.png,2445
pred_masks\29_52_pred.png,2446
pred_masks\29_53_pred.png,2447
pred_masks\29_54_pred.png,2448
pred_masks\29_55_pred.png,2449
pred_masks\29_56_pred.png,2450
pred_masks\29_57_pred.png,2451
pred_masks\29_58_pred.png,2452
pred_masks\29_59_pred.png,2453
pred_masks\29_5_pred.png,2454
pred_masks\29_60_pred.png,2455
pred_masks\29_61_pred.png,2456
pred_masks\29_62_pred.png,2457
pred_masks\29_63_pred.png,2458
pred_masks\29_64_pred.png,2459
pred_masks\29_65_pred.png,2460
pred_masks\29_66_pred.png,2461
pred_masks\29_67_pred.png,2462
pred_masks\29_68_pred.png,2463
pred_masks\29_69_pred.png,2464
pred_masks\29_6_pred.png,2465
pred_masks\29_70_pred.png,2466
pred_masks\29_71_pred.png,2467
pred_masks\29_72_pred.png,2468
pred_masks\29_73_pred.png,2469
pred_masks\29_74_pred.png,2470
pred_masks\29_75_pred.png,2471
pred_masks\29_76_pred.png,2472
pred_masks\29_77_pred.png,2473
pred_masks\29_78_pred.png,2474
pred_masks\29_79_pred.png,2475
pred_masks\29_7_pred.png,2476
pred_masks\29_80_pred.png,2477
pred_masks\29_81_pred.png,2478
pred_masks\29_82_pred.png,2479
pred_masks\29_83_pred.png,2480
pred_masks\29_84_pred.png,2481
pred_masks\29_85_pred.png,2482
pred_masks\29_86_pred.png,2483
pred_masks\29_87_pred.png,2484
pred_masks\29_88_pred.png,2485
pred_masks\29_89_pred.png,2486
pred_masks\29_8_pred.png,2487
pred_masks\29_90_pred.png,2488
pred_masks\29_91_pred.png,2489
pred_masks\29_92_pred.png,2490
pred_masks\29_93_pred.png,2491
pred_masks\29_94_pred.png,2492
pred_masks\29_95_pred.png,2493
pred_masks\29_96_pred.png,2494
pred_masks\29_97_pred.png,2495
pred_masks\29_98_pred.png,2496
pred_masks\29_99_pred.png,2497
pred_masks\29_9_pred.png,2498
pred_masks\29_pred.png,2499
pred_masks\2_100_pred.png,2500
pred_masks\2_101_pred.png,2501
pred_masks\2_102_pred.png,2502
pred_masks\2_103_pred.png,2503
pred_masks\2_104_pred.png,2504
pred_masks\2_105_pred.png,2505
pred_masks\2_106_pred.png,2506
pred_masks\2_107_pred.png,2507
pred_masks\2_108_pred.png,2508
pred_masks\2_109_pred.png,2509
pred_masks\2_10_pred.png,2510
pred_masks\2_110_pred.png,2511
pred_masks\2_111_pred.png,2512
pred_masks\2_112_pred.png,2513
pred_masks\2_113_pred.png,2514
pred_masks\2_114_pred.png,2515
pred_masks\2_115_pred.png,2516
pred_masks\2_116_pred.png,2517
pred_masks\2_117_pred.png,2518
pred_masks\2_118_pred.png,2519
pred_masks\2_119_pred.png,2520
pred_masks\2_11_pred.png,2521
pred_masks\2_120_pred.png,2522
pred_masks\2_121_pred.png,2523
pred_masks\2_122_pred.png,2524
pred_masks\2_123_pred.png,2525
pred_masks\2_124_pred.png,2526
pred_masks\2_125_pred.png,2527
pred_masks\2_126_pred.png,2528
pred_masks\2_127_pred.png,2529
pred_masks\2_128_pred.png,2530
pred_masks\2_129_pred.png,2531
pred_masks\2_12_pred.png,2532
pred_masks\2_130_pred.png,2533
pred_masks\2_131_pred.png,2534
pred_masks\2_132_pred.png,2535
pred_masks\2_133_pred.png,2536
pred_masks\2_134_pred.png,2537
pred_masks\2_135_pred.png,2538
pred_masks\2_136_pred.png,2539
pred_masks\2_137_pred.png,2540
pred_masks\2_138_pred.png,2541
pred_masks\2_139_pred.png,2542
pred_masks\2_13_pred.png,2543
pred_masks\2_140_pred.png,2544
pred_masks\2_141_pred.png,2545
pred_masks\2_142_pred.png,2546
pred_masks\2_143_pred.png,2547
pred_masks\2_144_pred.png,2548
pred_masks\2_145_pred.png,2549
pred_masks\2_146_pred.png,2550
pred_masks\2_147_pred.png,2551
pred_masks\2_148_pred.png,2552
pred_masks\2_149_pred.png,2553
pred_masks\2_14_pred.png,2554
pred_masks\2_150_pred.png,2555
pred_masks\2_151_pred.png,2556
pred_masks\2_152_pred.png,2557
pred_masks\2_153_pred.png,2558
pred_masks\2_154_pred.png,2559
pred_masks\2_155_pred.png,2560
pred_masks\2_156_pred.png,2561
pred_masks\2_157_pred.png,2562
pred_masks\2_158_pred.png,2563
pred_masks\2_159_pred.png,2564
pred_masks\2_15_pred.png,2565
pred_masks\2_160_pred.png,2566
pred_masks\2_161_pred.png,2567
pred_masks\2_162_pred.png,2568
pred_masks\2_163_pred.png,2569
pred_masks\2_164_pred.png,2570
pred_masks\2_165_pred.png,2571
pred_masks\2_166_pred.png,2572
pred_masks\2_167_pred.png,2573
pred_masks\2_168_pred.png,2574
pred_masks\2_169_pred.png,2575
pred_masks\2_16_pred.png,2576
pred_masks\2_170_pred.png,2577
pred_masks\2_171_pred.png,2578
pred_masks\2_172_pred.png,2579
pred_masks\2_173_pred.png,2580
pred_masks\2_174_pred.png,2581
pred_masks\2_175_pred.png,2582
pred_masks\2_176_pred.png,2583
pred_masks\2_177_pred.png,2584
pred_masks\2_178_pred.png,2585
pred_masks\2_179_pred.png,2586
pred_masks\2_17_pred.png,2587
pred_masks\2_180_pred.png,2588
pred_masks\2_181_pred.png,2589
pred_masks\2_182_pred.png,2590
pred_masks\2_183_pred.png,2591
pred_masks\2_184_pred.png,2592
pred_masks\2_185_pred.png,2593
pred_masks\2_186_pred.png,2594
pred_masks\2_187_pred.png,2595
pred_masks\2_188_pred.png,2596
pred_masks\2_189_pred.png,2597
pred_masks\2_18_pred.png,2598
pred_masks\2_190_pred.png,2599
pred_masks\2_191_pred.png,2600
pred_masks\2_192_pred.png,2601
pred_masks\2_193_pred.png,2602
pred_masks\2_194_pred.png,2603
pred_masks\2_195_pred.png,2604
pred_masks\2_196_pred.png,2605
pred_masks\2_197_pred.png,2606
pred_masks\2_198_pred.png,2607
pred_masks\2_199_pred.png,2608
pred_masks\2_19_pred.png,2609
pred_masks\2_1_pred.png,2610
pred_masks\2_200_pred.png,2611
pred_masks\2_201_pred.png,2612
pred_masks\2_202_pred.png,2613
pred_masks\2_203_pred.png,2614
pred_masks\2_204_pred.png,2615
pred_masks\2_205_pred.png,2616
pred_masks\2_206_pred.png,2617
pred_masks\2_207_pred.png,2618
pred_masks\2_208_pred.png,2619
pred_masks\2_209_pred.png,2620
pred_masks\2_20_pred.png,2621
pred_masks\2_210_pred.png,2622
pred_masks\2_211_pred.png,2623
pred_masks\2_212_pred.png,2624
pred_masks\2_213_pred.png,2625
pred_masks\2_214_pred.png,2626
pred_masks\2_215_pred.png,2627
pred_masks\2_216_pred.png,2628
pred_masks\2_217_pred.png,2629
pred_masks\2_218_pred.png,2630
pred_masks\2_219_pred.png,2631
pred_masks\2_21_pred.png,2632
pred_masks\2_220_pred.png,2633
pred_masks\2_221_pred.png,2634
pred_masks\2_222_pred.png,2635
pred_masks\2_223_pred.png,2636
pred_masks\2_224_pred.png,2637
pred_masks\2_225_pred.png,2638
pred_masks\2_226_pred.png,2639
pred_masks\2_227_pred.png,2640
pred_masks\2_228_pred.png,2641
pred_masks\2_229_pred.png,2642
pred_masks\2_22_pred.png,2643
pred_masks\2_230_pred.png,2644
pred_masks\2_231_pred.png,2645
pred_masks\2_232_pred.png,2646
pred_masks\2_233_pred.png,2647
pred_masks\2_234_pred.png,2648
pred_masks\2_235_pred.png,2649
pred_masks\2_236_pred.png,2650
pred_masks\2_237_pred.png,2651
pred_masks\2_238_pred.png,2652
pred_masks\2_239_pred.png,2653
pred_masks\2_23_pred.png,2654
pred_masks\2_240_pred.png,2655
pred_masks\2_241_pred.png,2656
pred_masks\2_242_pred.png,2657
pred_masks\2_243_pred.png,2658
pred_masks\2_244_pred.png,2659
pred_masks\2_245_pred.png,2660
pred_masks\2_246_pred.png,2661
pred_masks\2_247_pred.png,2662
pred_masks\2_248_pred.png,2663
pred_masks\2_249_pred.png,2664
pred_masks\2_24_pred.png,2665
pred_masks\2_250_pred.png,2666
pred_masks\2_251_pred.png,2667
pred_masks\2_252_pred.png,2668
pred_masks\2_253_pred.png,2669
pred_masks\2_254_pred.png,2670
pred_masks\2_255_pred.png,2671
pred_masks\2_256_pred.png,2672
pred_masks\2_257_pred.png,2673
pred_masks\2_258_pred.png,2674
pred_masks\2_259_pred.png,2675
pred_masks\2_25_pred.png,2676
pred_masks\2_260_pred.png,2677
pred_masks\2_261_pred.png,2678
pred_masks\2_262_pred.png,2679
pred_masks\2_263_pred.png,2680
pred_masks\2_264_pred.png,2681
pred_masks\2_265_pred.png,2682
pred_masks\2_266_pred.png,2683
pred_masks\2_267_pred.png,2684
pred_masks\2_268_pred.png,2685
pred_masks\2_269_pred.png,2686
pred_masks\2_26_pred.png,2687
pred_masks\2_270_pred.png,2688
pred_masks\2_271_pred.png,2689
pred_masks\2_272_pred.png,2690
pred_masks\2_273_pred.png,2691
pred_masks\2_274_pred.png,2692
pred_masks\2_275_pred.png,2693
pred_masks\2_276_pred.png,2694
pred_masks\2_277_pred.png,2695
pred_masks\2_278_pred.png,2696
pred_masks\2_279_pred.png,2697
pred_masks\2_27_pred.png,2698
pred_masks\2_280_pred.png,2699
pred_masks\2_281_pred.png,2700
pred_masks\2_282_pred.png,2701
pred_masks\2_283_pred.png,2702
pred_masks\2_284_pred.png,2703
pred_masks\2_285_pred.png,2704
pred_masks\2_286_pred.png,2705
pred_masks\2_287_pred.png,2706
pred_masks\2_288_pred.png,2707
pred_masks\2_289_pred.png,2708
pred_masks\2_28_pred.png,2709
pred_masks\2_290_pred.png,2710
pred_masks\2_291_pred.png,2711
pred_masks\2_292_pred.png,2712
pred_masks\2_293_pred.png,2713
pred_masks\2_294_pred.png,2714
pred_masks\2_295_pred.png,2715
pred_masks\2_296_pred.png,2716
pred_masks\2_297_pred.png,2717
pred_masks\2_298_pred.png,2718
pred_masks\2_299_pred.png,2719
pred_masks\2_29_pred.png,2720
pred_masks\2_2_pred.png,2721
pred_masks\2_30_pred.png,2722
pred_masks\2_31_pred.png,2723
pred_masks\2_32_pred.png,2724
pred_masks\2_33_pred.png,2725
pred_masks\2_34_pred.png,2726
pred_masks\2_35_pred.png,2727
pred_masks\2_36_pred.png,2728
pred_masks\2_37_pred.png,2729
pred_masks\2_38_pred.png,2730
pred_masks\2_39_pred.png,2731
pred_masks\2_3_pred.png,2732
pred_masks\2_40_pred.png,2733
pred_masks\2_41_pred.png,2734
pred_masks\2_42_pred.png,2735
pred_masks\2_43_pred.png,2736
pred_masks\2_44_pred.png,2737
pred_masks\2_45_pred.png,2738
pred_masks\2_46_pred.png,2739
pred_masks\2_47_pred.png,2740
pred_masks\2_48_pred.png,2741
pred_masks\2_49_pred.png,2742
pred_masks\2_4_pred.png,2743
pred_masks\2_50_pred.png,2744
pred_masks\2_51_pred.png,2745
pred_masks\2_52_pred.png,2746
pred_masks\2_53_pred.png,2747
pred_masks\2_54_pred.png,2748
pred_masks\2_55_pred.png,2749
pred_masks\2_56_pred.png,2750
pred_masks\2_57_pred.png,2751
pred_masks\2_58_pred.png,2752
pred_masks\2_59_pred.png,2753
pred_masks\2_5_pred.png,2754
pred_masks\2_60_pred.png,2755
pred_masks\2_61_pred.png,2756
pred_masks\2_62_pred.png,2757
pred_masks\2_63_pred.png,2758
pred_masks\2_64_pred.png,2759
pred_masks\2_65_pred.png,2760
pred_masks\2_66_pred.png,2761
pred_masks\2_67_pred.png,2762
pred_masks\2_68_pred.png,2763
pred_masks\2_69_pred.png,2764
pred_masks\2_6_pred.png,2765
pred_masks\2_70_pred.png,2766
pred_masks\2_71_pred.png,2767
pred_masks\2_72_pred.png,2768
pred_masks\2_73_pred.png,2769
pred_masks\2_74_pred.png,2770
pred_masks\2_75_pred.png,2771
pred_masks\2_76_pred.png,2772
pred_masks\2_77_pred.png,2773
pred_masks\2_78_pred.png,2774
pred_masks\2_79_pred.png,2775
pred_masks\2_7_pred.png,2776
pred_masks\2_80_pred.png,2777
pred_masks\2_81_pred.png,2778
pred_masks\2_82_pred.png,2779
pred_masks\2_83_pred.png,2780
pred_masks\2_84_pred.png,2781
pred_masks\2_85_pred.png,2782
pred_masks\2_86_pred.png,2783
pred_masks\2_87_pred.png,2784
pred_masks\2_88_pred.png,2785
pred_masks\2_89_pred.png,2786
pred_masks\2_8_pred.png,2787
pred_masks\2_90_pred.png,2788
pred_masks\2_91_pred.png,2789
pred_masks\2_92_pred.png,2790
pred_masks\2_93_pred.png,2791
pred_masks\2_94_pred.png,2792
pred_masks\2_95_pred.png,2793
pred_masks\2_96_pred.png,2794
pred_masks\2_97_pred.png,2795
pred_masks\2_98_pred.png,2796
pred_masks\2_99_pred.png,2797
pred_masks\2_9_pred.png,2798
pred_masks\2_pred.png,2799
pred_masks\30_10_pred.png,2800
pred_masks\30_11_pred.png,2801
pred_masks\30_12_pred.png,2802
pred_masks\30_13_pred.png,2803
pred_masks\30_14_pred.png,2804
pred_masks\30_15_pred.png,2805
pred_masks\30_16_pred.png,2806
pred_masks\30_17_pred.png,2807
pred_masks\30_18_pred.png,2808
pred_masks\30_19_pred.png,2809
pred_masks\30_1_pred.png,2810
pred_masks\30_20_pred.png,2811
pred_masks\30_21_pred.png,2812
pred_masks\30_22_pred.png,2813
pred_masks\30_23_pred.png,2814
pred_masks\30_24_pred.png,2815
pred_masks\30_25_pred.png,2816
pred_masks\30_26_pred.png,2817
pred_masks\30_27_pred.png,2818
pred_masks\30_28_pred.png,2819
pred_masks\30_29_pred.png,2820
pred_masks\30_2_pred.png,2821
pred_masks\30_30_pred.png,2822
pred_masks\30_31_pred.png,2823
pred_masks\30_32_pred.png,2824
pred_masks\30_33_pred.png,2825
pred_masks\30_34_pred.png,2826
pred_masks\30_35_pred.png,2827
pred_masks\30_36_pred.png,2828
pred_masks\30_37_pred.png,2829
pred_masks\30_38_pred.png,2830
pred_masks\30_39_pred.png,2831
pred_masks\30_3_pred.png,2832
pred_masks\30_40_pred.png,2833
pred_masks\30_41_pred.png,2834
pred_masks\30_42_pred.png,2835
pred_masks\30_43_pred.png,2836
pred_masks\30_44_pred.png,2837
pred_masks\30_45_pred.png,2838
pred_masks\30_46_pred.png,2839
pred_masks\30_47_pred.png,2840
pred_masks\30_48_pred.png,2841
pred_masks\30_49_pred.png,2842
pred_masks\30_4_pred.png,2843
pred_masks\30_50_pred.png,2844
pred_masks\30_51_pred.png,2845
pred_masks\30_52_pred.png,2846
pred_masks\30_53_pred.png,2847
pred_masks\30_54_pred.png,2848
pred_masks\30_55_pred.png,2849
pred_masks\30_56_pred.png,2850
pred_masks\30_57_pred.png,2851
pred_masks\30_58_pred.png,2852
pred_masks\30_59_pred.png,2853
pred_masks\30_5_pred.png,2854
pred_masks\30_60_pred.png,2855
pred_masks\30_61_pred.png,2856
pred_masks\30_62_pred.png,2857
pred_masks\30_63_pred.png,2858
pred_masks\30_64_pred.png,2859
pred_masks\30_65_pred.png,2860
pred_masks\30_66_pred.png,2861
pred_masks\30_67_pred.png,2862
pred_masks\30_68_pred.png,2863
pred_masks\30_69_pred.png,2864
pred_masks\30_6_pred.png,2865
pred_masks\30_70_pred.png,2866
pred_masks\30_71_pred.png,2867
pred_masks\30_72_pred.png,2868
pred_masks\30_73_pred.png,2869
pred_masks\30_74_pred.png,2870
pred_masks\30_75_pred.png,2871
pred_masks\30_76_pred.png,2872
pred_masks\30_77_pred.png,2873
pred_masks\30_78_pred.png,2874
pred_masks\30_79_pred.png,2875
pred_masks\30_7_pred.png,2876
pred_masks\30_80_pred.png,2877
pred_masks\30_81_pred.png,2878
pred_masks\30_82_pred.png,2879
pred_masks\30_83_pred.png,2880
pred_masks\30_84_pred.png,2881
pred_masks\30_85_pred.png,2882
pred_masks\30_86_pred.png,2883
pred_masks\30_87_pred.png,2884
pred_masks\30_88_pred.png,2885
pred_masks\30_89_pred.png,2886
pred_masks\30_8_pred.png,2887
pred_masks\30_90_pred.png,2888
pred_masks\30_91_pred.png,2889
pred_masks\30_92_pred.png,2890
pred_masks\30_93_pred.png,2891
pred_masks\30_94_pred.png,2892
pred_masks\30_95_pred.png,2893
pred_masks\30_96_pred.png,2894
pred_masks\30_97_pred.png,2895
pred_masks\30_98_pred.png,2896
pred_masks\30_99_pred.png,2897
pred_masks\30_9_pred.png,2898
pred_masks\30_pred.png,2899
pred_masks\31_10_pred.png,2900
pred_masks\31_11_pred.png,2901
pred_masks\31_12_pred.png,2902
pred_masks\31_13_pred.png,2903
pred_masks\31_14_pred.png,2904
pred_masks\31_15_pred.png,2905
pred_masks\31_16_pred.png,2906
pred_masks\31_17_pred.png,2907
pred_masks\31_18_pred.png,2908
pred_masks\31_19_pred.png,2909
pred_masks\31_1_pred.png,2910
pred_masks\31_20_pred.png,2911
pred_masks\31_21_pred.png,2912
pred_masks\31_22_pred.png,2913
pred_masks\31_23_pred.png,2914
pred_masks\31_24_pred.png,2915
pred_masks\31_25_pred.png,2916
pred_masks\31_26_pred.png,2917
pred_masks\31_27_pred.png,2918
pred_masks\31_28_pred.png,2919
pred_masks\31_29_pred.png,2920
pred_masks\31_2_pred.png,2921
pred_masks\31_30_pred.png,2922
pred_masks\31_31_pred.png,2923
pred_masks\31_32_pred.png,2924
pred_masks\31_33_pred.png,2925
pred_masks\31_34_pred.png,2926
pred_masks\31_35_pred.png,2927
pred_masks\31_36_pred.png,2928
pred_masks\31_37_pred.png,2929
pred_masks\31_38_pred.png,2930
pred_masks\31_39_pred.png,2931
pred_masks\31_3_pred.png,2932
pred_masks\31_40_pred.png,2933
pred_masks\31_41_pred.png,2934
pred_masks\31_42_pred.png,2935
pred_masks\31_43_pred.png,2936
pred_masks\31_44_pred.png,2937
pred_masks\31_45_pred.png,2938
pred_masks\31_46_pred.png,2939
pred_masks\31_47_pred.png,2940
pred_masks\31_48_pred.png,2941
pred_masks\31_49_pred.png,2942
pred_masks\31_4_pred.png,2943
pred_masks\31_50_pred.png,2944
pred_masks\31_51_pred.png,2945
pred_masks\31_52_pred.png,2946
pred_masks\31_53_pred.png,2947
pred_masks\31_54_pred.png,2948
pred_masks\31_55_pred.png,2949
pred_masks\31_56_pred.png,2950
pred_masks\31_57_pred.png,2951
pred_masks\31_58_pred.png,2952
pred_masks\31_59_pred.png,2953
pred_masks\31_5_pred.png,2954
pred_masks\31_60_pred.png,2955
pred_masks\31_61_pred.png,2956
pred_masks\31_62_pred.png,2957
pred_masks\31_63_pred.png,2958
pred_masks\31_64_pred.png,2959
pred_masks\31_65_pred.png,2960
pred_masks\31_66_pred.png,2961
pred_masks\31_67_pred.png,2962
pred_masks\31_68_pred.png,2963
pred_masks\31_69_pred.png,2964
pred_masks\31_6_pred.png,2965
pred_masks\31_70_pred.png,2966
pred_masks\31_71_pred.png,2967
pred_masks\31_72_pred.png,2968
pred_masks\31_73_pred.png,2969
pred_masks\31_74_pred.png,2970
pred_masks\31_75_pred.png,2971
pred_masks\31_76_pred.png,2972
pred_masks\31_77_pred.png,2973
pred_masks\31_78_pred.png,2974
pred_masks\31_79_pred.png,2975
pred_masks\31_7_pred.png,2976
pred_masks\31_80_pred.png,2977
pred_masks\31_81_pred.png,2978
pred_masks\31_82_pred.png,2979
pred_masks\31_83_pred.png,2980
pred_masks\31_84_pred.png,2981
pred_masks\31_85_pred.png,2982
pred_masks\31_86_pred.png,2983
pred_masks\31_87_pred.png,2984
pred_masks\31_88_pred.png,2985
pred_masks\31_89_pred.png,2986
pred_masks\31_8_pred.png,2987
pred_masks\31_90_pred.png,2988
pred_masks\31_91_pred.png,2989
pred_masks\31_92_pred.png,2990
pred_masks\31_93_pred.png,2991
pred_masks\31_94_pred.png,2992
pred_masks\31_95_pred.png,2993
pred_masks\31_96_pred.png,2994
pred_masks\31_97_pred.png,2995
pred_masks\31_98_pred.png,2996
pred_masks\31_99_pred.png,2997
pred_masks\31_9_pred.png,2998
pred_masks\31_pred.png,2999
pred_masks\32_10_pred.png,3000
pred_masks\32_11_pred.png,3001
pred_masks\32_12_pred.png,3002
pred_masks\32_13_pred.png,3003
pred_masks\32_14_pred.png,3004
pred_masks\32_15_pred.png,3005
pred_masks\32_16_pred.png,3006
pred_masks\32_17_pred.png,3007
pred_masks\32_18_pred.png,3008
pred_masks\32_19_pred.png,3009
pred_masks\32_1_pred.png,3010
pred_masks\32_20_pred.png,3011
pred_masks\32_21_pred.png,3012
pred_masks\32_22_pred.png,3013
pred_masks\32_23_pred.png,3014
pred_masks\32_24_pred.png,3015
pred_masks\32_25_pred.png,3016
pred_masks\32_26_pred.png,3017
pred_masks\32_27_pred.png,3018
pred_masks\32_28_pred.png,3019
pred_masks\32_29_pred.png,3020
pred_masks\32_2_pred.png,3021
pred_masks\32_30_pred.png,3022
pred_masks\32_31_pred.png,3023
pred_masks\32_32_pred.png,3024
pred_masks\32_33_pred.png,3025
pred_masks\32_34_pred.png,3026
pred_masks\32_35_pred.png,3027
pred_masks\32_36_pred.png,3028
pred_masks\32_37_pred.png,3029
pred_masks\32_38_pred.png,3030
pred_masks\32_39_pred.png,3031
pred_masks\32_3_pred.png,3032
pred_masks\32_40_pred.png,3033
pred_masks\32_41_pred.png,3034
pred_masks\32_42_pred.png,3035
pred_masks\32_43_pred.png,3036
pred_masks\32_44_pred.png,3037
pred_masks\32_45_pred.png,3038
pred_masks\32_46_pred.png,3039
pred_masks\32_47_pred.png,3040
pred_masks\32_48_pred.png,3041
pred_masks\32_49_pred.png,3042
pred_masks\32_4_pred.png,3043
pred_masks\32_50_pred.png,3044
pred_masks\32_51_pred.png,3045
pred_masks\32_52_pred.png,3046
pred_masks\32_53_pred.png,3047
pred_masks\32_54_pred.png,3048
pred_masks\32_55_pred.png,3049
pred_masks\32_56_pred.png,3050
pred_masks\32_57_pred.png,3051
pred_masks\32_58_pred.png,3052
pred_masks\32_59_pred.png,3053
pred_masks\32_5_pred.png,3054
pred_masks\32_60_pred.png,3055
pred_masks\32_61_pred.png,3056
pred_masks\32_62_pred.png,3057
pred_masks\32_63_pred.png,3058
pred_masks\32_64_pred.png,3059
pred_masks\32_65_pred.png,3060
pred_masks\32_66_pred.png,3061
pred_masks\32_67_pred.png,3062
pred_masks\32_68_pred.png,3063
pred_masks\32_69_pred.png,3064
pred_masks\32_6_pred.png,3065
pred_masks\32_70_pred.png,3066
pred_masks\32_71_pred.png,3067
pred_masks\32_72_pred.png,3068
pred_masks\32_73_pred.png,3069
pred_masks\32_74_pred.png,3070
pred_masks\32_75_pred.png,3071
pred_masks\32_76_pred.png,3072
pred_masks\32_77_pred.png,3073
pred_masks\32_78_pred.png,3074
pred_masks\32_79_pred.png,3075
pred_masks\32_7_pred.png,3076
pred_masks\32_80_pred.png,3077
pred_masks\32_81_pred.png,3078
pred_masks\32_82_pred.png,3079
pred_masks\32_83_pred.png,3080
pred_masks\32_84_pred.png,3081
pred_masks\32_85_pred.png,3082
pred_masks\32_86_pred.png,3083
pred_masks\32_87_pred.png,3084
pred_masks\32_88_pred.png,3085
pred_masks\32_89_pred.png,3086
pred_masks\32_8_pred.png,3087
pred_masks\32_90_pred.png,3088
pred_masks\32_91_pred.png,3089
pred_masks\32_92_pred.png,3090
pred_masks\32_93_pred.png,3091
pred_masks\32_94_pred.png,3092
pred_masks\32_95_pred.png,3093
pred_masks\32_96_pred.png,3094
pred_masks\32_97_pred.png,3095
pred_masks\32_98_pred.png,3096
pred_masks\32_99_pred.png,3097
pred_masks\32_9_pred.png,3098
pred_masks\32_pred.png,3099
pred_masks\33_10_pred.png,3100
pred_masks\33_11_pred.png,3101
pred_masks\33_12_pred.png,3102
pred_masks\33_13_pred.png,3103
pred_masks\33_14_pred.png,3104
pred_masks\33_15_pred.png,3105
pred_masks\33_16_pred.png,3106
pred_masks\33_17_pred.png,3107
pred_masks\33_18_pred.png,3108
pred_masks\33_19_pred.png,3109
pred_masks\33_1_pred.png,3110
pred_masks\33_20_pred.png,3111
pred_masks\33_21_pred.png,3112
pred_masks\33_22_pred.png,3113
pred_masks\33_23_pred.png,3114
pred_masks\33_24_pred.png,3115
pred_masks\33_25_pred.png,3116
pred_masks\33_26_pred.png,3117
pred_masks\33_27_pred.png,3118
pred_masks\33_28_pred.png,3119
pred_masks\33_29_pred.png,3120
pred_masks\33_2_pred.png,3121
pred_masks\33_30_pred.png,3122
pred_masks\33_31_pred.png,3123
pred_masks\33_32_pred.png,3124
pred_masks\33_33_pred.png,3125
pred_masks\33_34_pred.png,3126
pred_masks\33_35_pred.png,3127
pred_masks\33_36_pred.png,3128
pred_masks\33_37_pred.png,3129
pred_masks\33_38_pred.png,3130
pred_masks\33_39_pred.png,3131
pred_masks\33_3_pred.png,3132
pred_masks\33_40_pred.png,3133
pred_masks\33_41_pred.png,3134
pred_masks\33_42_pred.png,3135
pred_masks\33_43_pred.png,3136
pred_masks\33_44_pred.png,3137
pred_masks\33_45_pred.png,3138
pred_masks\33_46_pred.png,3139
pred_masks\33_47_pred.png,3140
pred_masks\33_48_pred.png,3141
pred_masks\33_49_pred.png,3142
pred_masks\33_4_pred.png,3143
pred_masks\33_50_pred.png,3144
pred_masks\33_51_pred.png,3145
pred_masks\33_52_pred.png,3146
pred_masks\33_53_pred.png,3147
pred_masks\33_54_pred.png,3148
pred_masks\33_55_pred.png,3149
pred_masks\33_56_pred.png,3150
pred_masks\33_57_pred.png,3151
pred_masks\33_58_pred.png,3152
pred_masks\33_59_pred.png,3153
pred_masks\33_5_pred.png,3154
pred_masks\33_60_pred.png,3155
pred_masks\33_61_pred.png,3156
pred_masks\33_62_pred.png,3157
pred_masks\33_63_pred.png,3158
pred_masks\33_64_pred.png,3159
pred_masks\33_65_pred.png,3160
pred_masks\33_66_pred.png,3161
pred_masks\33_67_pred.png,3162
pred_masks\33_68_pred.png,3163
pred_masks\33_69_pred.png,3164
pred_masks\33_6_pred.png,3165
pred_masks\33_70_pred.png,3166
pred_masks\33_71_pred.png,3167
pred_masks\33_72_pred.png,3168
pred_masks\33_73_pred.png,3169
pred_masks\33_74_pred.png,3170
pred_masks\33_75_pred.png,3171
pred_masks\33_76_pred.png,3172
pred_masks\33_77_pred.png,3173
pred_masks\33_78_pred.png,3174
pred_masks\33_79_pred.png,3175
pred_masks\33_7_pred.png,3176
pred_masks\33_80_pred.png,3177
pred_masks\33_81_pred.png,3178
pred_masks\33_82_pred.png,3179
pred_masks\33_83_pred.png,3180
pred_masks\33_84_pred.png,3181
pred_masks\33_85_pred.png,3182
pred_masks\33_86_pred.png,3183
pred_masks\33_87_pred.png,3184
pred_masks\33_88_pred.png,3185
pred_masks\33_89_pred.png,3186
pred_masks\33_8_pred.png,3187
pred_masks\33_90_pred.png,3188
pred_masks\33_91_pred.png,3189
pred_masks\33_92_pred.png,3190
pred_masks\33_93_pred.png,3191
pred_masks\33_94_pred.png,3192
pred_masks\33_95_pred.png,3193
pred_masks\33_96_pred.png,3194
pred_masks\33_97_pred.png,3195
pred_masks\33_98_pred.png,3196
pred_masks\33_99_pred.png,3197
pred_masks\33_9_pred.png,3198
pred_masks\33_pred.png,3199
pred_masks\34_10_pred.png,3200
pred_masks\34_11_pred.png,3201
pred_masks\34_12_pred.png,3202
pred_masks\34_13_pred.png,3203
pred_masks\34_14_pred.png,3204
pred_masks\34_15_pred.png,3205
pred_masks\34_16_pred.png,3206
pred_masks\34_17_pred.png,3207
pred_masks\34_18_pred.png,3208
pred_masks\34_19_pred.png,3209
pred_masks\34_1_pred.png,3210
pred_masks\34_20_pred.png,3211
pred_masks\34_21_pred.png,3212
pred_masks\34_22_pred.png,3213
pred_masks\34_23_pred.png,3214
pred_masks\34_24_pred.png,3215
pred_masks\34_25_pred.png,3216
pred_masks\34_26_pred.png,3217
pred_masks\34_27_pred.png,3218
pred_masks\34_28_pred.png,3219
pred_masks\34_29_pred.png,3220
pred_masks\34_2_pred.png,3221
pred_masks\34_30_pred.png,3222
pred_masks\34_31_pred.png,3223
pred_masks\34_32_pred.png,3224
pred_masks\34_33_pred.png,3225
pred_masks\34_34_pred.png,3226
pred_masks\34_35_pred.png,3227
pred_masks\34_36_pred.png,3228
pred_masks\34_37_pred.png,3229
pred_masks\34_38_pred.png,3230
pred_masks\34_39_pred.png,3231
pred_masks\34_3_pred.png,3232
pred_masks\34_40_pred.png,3233
pred_masks\34_41_pred.png,3234
pred_masks\34_42_pred.png,3235
pred_masks\34_43_pred.png,3236
pred_masks\34_44_pred.png,3237
pred_masks\34_45_pred.png,3238
pred_masks\34_46_pred.png,3239
pred_masks\34_47_pred.png,3240
pred_masks\34_48_pred.png,3241
pred_masks\34_49_pred.png,3242
pred_masks\34_4_pred.png,3243
pred_masks\34_50_pred.png,3244
pred_masks\34_51_pred.png,3245
pred_masks\34_52_pred.png,3246
pred_masks\34_53_pred.png,3247
pred_masks\34_54_pred.png,3248
pred_masks\34_55_pred.png,3249
pred_masks\34_56_pred.png,3250
pred_masks\34_57_pred.png,3251
pred_masks\34_58_pred.png,3252
pred_masks\34_59_pred.png,3253
pred_masks\34_5_pred.png,3254
pred_masks\34_60_pred.png,3255
pred_masks\34_61_pred.png,3256
pred_masks\34_62_pred.png,3257
pred_masks\34_63_pred.png,3258
pred_masks\34_64_pred.png,3259
pred_masks\34_65_pred.png,3260
pred_masks\34_66_pred.png,3261
pred_masks\34_67_pred.png,3262
pred_masks\34_68_pred.png,3263
pred_masks\34_69_pred.png,3264
pred_masks\34_6_pred.png,3265
pred_masks\34_70_pred.png,3266
pred_masks\34_71_pred.png,3267
pred_masks\34_72_pred.png,3268
pred_masks\34_73_pred.png,3269
pred_masks\34_74_pred.png,3270
pred_masks\34_75_pred.png,3271
pred_masks\34_76_pred.png,3272
pred_masks\34_77_pred.png,3273
pred_masks\34_78_pred.png,3274
pred_masks\34_79_pred.png,3275
pred_masks\34_7_pred.png,3276
pred_masks\34_80_pred.png,3277
pred_masks\34_81_pred.png,3278
pred_masks\34_82_pred.png,3279
pred_masks\34_83_pred.png,3280
pred_masks\34_84_pred.png,3281
pred_masks\34_85_pred.png,3282
pred_masks\34_86_pred.png,3283
pred_masks\34_87_pred.png,3284
pred_masks\34_88_pred.png,3285
pred_masks\34_89_pred.png,3286
pred_masks\34_8_pred.png,3287
pred_masks\34_90_pred.png,3288
pred_masks\34_91_pred.png,3289
pred_masks\34_92_pred.png,3290
pred_masks\34_93_pred.png,3291
pred_masks\34_94_pred.png,3292
pred_masks\34_95_pred.png,3293
pred_masks\34_96_pred.png,3294
pred_masks\34_97_pred.png,3295
pred_masks\34_98_pred.png,3296
pred_masks\34_99_pred.png,3297
pred_masks\34_9_pred.png,3298
pred_masks\34_pred.png,3299
pred_masks\35_10_pred.png,3300
pred_masks\35_11_pred.png,3301
pred_masks\35_12_pred.png,3302
pred_masks\35_13_pred.png,3303
pred_masks\35_14_pred.png,3304
pred_masks\35_15_pred.png,3305
pred_masks\35_16_pred.png,3306
pred_masks\35_17_pred.png,3307
pred_masks\35_18_pred.png,3308
pred_masks\35_19_pred.png,3309
pred_masks\35_1_pred.png,3310
pred_masks\35_20_pred.png,3311
pred_masks\35_21_pred.png,3312
pred_masks\35_22_pred.png,3313
pred_masks\35_23_pred.png,3314
pred_masks\35_24_pred.png,3315
pred_masks\35_25_pred.png,3316
pred_masks\35_26_pred.png,3317
pred_masks\35_27_pred.png,3318
pred_masks\35_28_pred.png,3319
pred_masks\35_29_pred.png,3320
pred_masks\35_2_pred.png,3321
pred_masks\35_30_pred.png,3322
pred_masks\35_31_pred.png,3323
pred_masks\35_32_pred.png,3324
pred_masks\35_33_pred.png,3325
pred_masks\35_34_pred.png,3326
pred_masks\35_35_pred.png,3327
pred_masks\35_36_pred.png,3328
pred_masks\35_37_pred.png,3329
pred_masks\35_38_pred.png,3330
pred_masks\35_39_pred.png,3331
pred_masks\35_3_pred.png,3332
pred_masks\35_40_pred.png,3333
pred_masks\35_41_pred.png,3334
pred_masks\35_42_pred.png,3335
pred_masks\35_43_pred.png,3336
pred_masks\35_44_pred.png,3337
pred_masks\35_45_pred.png,3338
pred_masks\35_46_pred.png,3339
pred_masks\35_47_pred.png,3340
pred_masks\35_48_pred.png,3341
pred_masks\35_49_pred.png,3342
pred_masks\35_4_pred.png,3343
pred_masks\35_50_pred.png,3344
pred_masks\35_51_pred.png,3345
pred_masks\35_52_pred.png,3346
pred_masks\35_53_pred.png,3347
pred_masks\35_54_pred.png,3348
pred_masks\35_55_pred.png,3349
pred_masks\35_56_pred.png,3350
pred_masks\35_57_pred.png,3351
pred_masks\35_58_pred.png,3352
pred_masks\35_59_pred.png,3353
pred_masks\35_5_pred.png,3354
pred_masks\35_60_pred.png,3355
pred_masks\35_61_pred.png,3356
pred_masks\35_62_pred.png,3357
pred_masks\35_63_pred.png,3358
pred_masks\35_64_pred.png,3359
pred_masks\35_65_pred.png,3360
pred_masks\35_66_pred.png,3361
pred_masks\35_67_pred.png,3362
pred_masks\35_68_pred.png,3363
pred_masks\35_69_pred.png,3364
pred_masks\35_6_pred.png,3365
pred_masks\35_70_pred.png,3366
pred_masks\35_71_pred.png,3367
pred_masks\35_72_pred.png,3368
pred_masks\35_73_pred.png,3369
pred_masks\35_74_pred.png,3370
pred_masks\35_75_pred.png,3371
pred_masks\35_76_pred.png,3372
pred_masks\35_77_pred.png,3373
pred_masks\35_78_pred.png,3374
pred_masks\35_79_pred.png,3375
pred_masks\35_7_pred.png,3376
pred_masks\35_80_pred.png,3377
pred_masks\35_81_pred.png,3378
pred_masks\35_82_pred.png,3379
pred_masks\35_83_pred.png,3380
pred_masks\35_84_pred.png,3381
pred_masks\35_85_pred.png,3382
pred_masks\35_86_pred.png,3383
pred_masks\35_87_pred.png,3384
pred_masks\35_88_pred.png,3385
pred_masks\35_89_pred.png,3386
pred_masks\35_8_pred.png,3387
pred_masks\35_90_pred.png,3388
pred_masks\35_91_pred.png,3389
pred_masks\35_92_pred.png,3390
pred_masks\35_93_pred.png,3391
pred_masks\35_94_pred.png,3392
pred_masks\35_95_pred.png,3393
pred_masks\35_96_pred.png,3394
pred_masks\35_97_pred.png,3395
pred_masks\35_98_pred.png,3396
pred_masks\35_99_pred.png,3397
pred_masks\35_9_pred.png,3398
pred_masks\35_pred.png,3399
pred_masks\36_10_pred.png,3400
pred_masks\36_11_pred.png,3401
pred_masks\36_12_pred.png,3402
pred_masks\36_13_pred.png,3403
pred_masks\36_14_pred.png,3404
pred_masks\36_15_pred.png,3405
pred_masks\36_16_pred.png,3406
pred_masks\36_17_pred.png,3407
pred_masks\36_18_pred.png,3408
pred_masks\36_19_pred.png,3409
pred_masks\36_1_pred.png,3410
pred_masks\36_20_pred.png,3411
pred_masks\36_21_pred.png,3412
pred_masks\36_22_pred.png,3413
pred_masks\36_23_pred.png,3414
pred_masks\36_24_pred.png,3415
pred_masks\36_25_pred.png,3416
pred_masks\36_26_pred.png,3417
pred_masks\36_27_pred.png,3418
pred_masks\36_28_pred.png,3419
pred_masks\36_29_pred.png,3420
pred_masks\36_2_pred.png,3421
pred_masks\36_30_pred.png,3422
pred_masks\36_31_pred.png,3423
pred_masks\36_32_pred.png,3424
pred_masks\36_33_pred.png,3425
pred_masks\36_34_pred.png,3426
pred_masks\36_35_pred.png,3427
pred_masks\36_36_pred.png,3428
pred_masks\36_37_pred.png,3429
pred_masks\36_38_pred.png,3430
pred_masks\36_39_pred.png,3431
pred_masks\36_3_pred.png,3432
pred_masks\36_40_pred.png,3433
pred_masks\36_41_pred.png,3434
pred_masks\36_42_pred.png,3435
pred_masks\36_43_pred.png,3436
pred_masks\36_44_pred.png,3437
pred_masks\36_45_pred.png,3438
pred_masks\36_46_pred.png,3439
pred_masks\36_47_pred.png,3440
pred_masks\36_48_pred.png,3441
pred_masks\36_49_pred.png,3442
pred_masks\36_4_pred.png,3443
pred_masks\36_50_pred.png,3444
pred_masks\36_51_pred.png,3445
pred_masks\36_52_pred.png,3446
pred_masks\36_53_pred.png,3447
pred_masks\36_54_pred.png,3448
pred_masks\36_55_pred.png,3449
pred_masks\36_56_pred.png,3450
pred_masks\36_57_pred.png,3451
pred_masks\36_58_pred.png,3452
pred_masks\36_59_pred.png,3453
pred_masks\36_5_pred.png,3454
pred_masks\36_60_pred.png,3455
pred_masks\36_61_pred.png,3456
pred_masks\36_62_pred.png,3457
pred_masks\36_63_pred.png,3458
pred_masks\36_64_pred.png,3459
pred_masks\36_65_pred.png,3460
pred_masks\36_66_pred.png,3461
pred_masks\36_67_pred.png,3462
pred_masks\36_68_pred.png,3463
pred_masks\36_69_pred.png,3464
pred_masks\36_6_pred.png,3465
pred_masks\36_70_pred.png,3466
pred_masks\36_71_pred.png,3467
pred_masks\36_72_pred.png,3468
pred_masks\36_73_pred.png,3469
pred_masks\36_74_pred.png,3470
pred_masks\36_75_pred.png,3471
pred_masks\36_76_pred.png,3472
pred_masks\36_77_pred.png,3473
pred_masks\36_78_pred.png,3474
pred_masks\36_79_pred.png,3475
pred_masks\36_7_pred.png,3476
pred_masks\36_80_pred.png,3477
pred_masks\36_81_pred.png,3478
pred_masks\36_82_pred.png,3479
pred_masks\36_83_pred.png,3480
pred_masks\36_84_pred.png,3481
pred_masks\36_85_pred.png,3482
pred_masks\36_86_pred.png,3483
pred_masks\36_87_pred.png,3484
pred_masks\36_88_pred.png,3485
pred_masks\36_89_pred.png,3486
pred_masks\36_8_pred.png,3487
pred_masks\36_90_pred.png,3488
pred_masks\36_91_pred.png,3489
pred_masks\36_92_pred.png,3490
pred_masks\36_93_pred.png,3491
pred_masks\36_94_pred.png,3492
pred_masks\36_95_pred.png,3493
pred_masks\36_96_pred.png,3494
pred_masks\36_97_pred.png,3495
pred_masks\36_98_pred.png,3496
pred_masks\36_99_pred.png,3497
pred_masks\36_9_pred.png,3498
pred_masks\36_pred.png,3499
pred_masks\37_10_pred.png,3500
pred_masks\37_11_pred.png,3501
pred_masks\37_12_pred.png,3502
pred_masks\37_13_pred.png,3503
pred_masks\37_14_pred.png,3504
pred_masks\37_15_pred.png,3505
pred_masks\37_16_pred.png,3506
pred_masks\37_17_pred.png,3507
pred_masks\37_18_pred.png,3508
pred_masks\37_19_pred.png,3509
pred_masks\37_1_pred.png,3510
pred_masks\37_20_pred.png,3511
pred_masks\37_21_pred.png,3512
pred_masks\37_22_pred.png,3513
pred_masks\37_23_pred.png,3514
pred_masks\37_24_pred.png,3515
pred_masks\37_25_pred.png,3516
pred_masks\37_26_pred.png,3517
pred_masks\37_27_pred.png,3518
pred_masks\37_28_pred.png,3519
pred_masks\37_29_pred.png,3520
pred_masks\37_2_pred.png,3521
pred_masks\37_30_pred.png,3522
pred_masks\37_31_pred.png,3523
pred_masks\37_32_pred.png,3524
pred_masks\37_33_pred.png,3525
pred_masks\37_34_pred.png,3526
pred_masks\37_35_pred.png,3527
pred_masks\37_36_pred.png,3528
pred_masks\37_37_pred.png,3529
pred_masks\37_38_pred.png,3530
pred_masks\37_39_pred.png,3531
pred_masks\37_3_pred.png,3532
pred_masks\37_40_pred.png,3533
pred_masks\37_41_pred.png,3534
pred_masks\37_42_pred.png,3535
pred_masks\37_43_pred.png,3536
pred_masks\37_44_pred.png,3537
pred_masks\37_45_pred.png,3538
pred_masks\37_46_pred.png,3539
pred_masks\37_47_pred.png,3540
pred_masks\37_48_pred.png,3541
pred_masks\37_49_pred.png,3542
pred_masks\37_4_pred.png,3543
pred_masks\37_50_pred.png,3544
pred_masks\37_51_pred.png,3545
pred_masks\37_52_pred.png,3546
pred_masks\37_53_pred.png,3547
pred_masks\37_54_pred.png,3548
pred_masks\37_55_pred.png,3549
pred_masks\37_56_pred.png,3550
pred_masks\37_57_pred.png,3551
pred_masks\37_58_pred.png,3552
pred_masks\37_59_pred.png,3553
pred_masks\37_5_pred.png,3554
pred_masks\37_60_pred.png,3555
pred_masks\37_61_pred.png,3556
pred_masks\37_62_pred.png,3557
pred_masks\37_63_pred.png,3558
pred_masks\37_64_pred.png,3559
pred_masks\37_65_pred.png,3560
pred_masks\37_66_pred.png,3561
pred_masks\37_67_pred.png,3562
pred_masks\37_68_pred.png,3563
pred_masks\37_69_pred.png,3564
pred_masks\37_6_pred.png,3565
pred_masks\37_70_pred.png,3566
pred_masks\37_71_pred.png,3567
pred_masks\37_72_pred.png,3568
pred_masks\37_73_pred.png,3569
pred_masks\37_74_pred.png,3570
pred_masks\37_75_pred.png,3571
pred_masks\37_76_pred.png,3572
pred_masks\37_77_pred.png,3573
pred_masks\37_78_pred.png,3574
pred_masks\37_79_pred.png,3575
pred_masks\37_7_pred.png,3576
pred_masks\37_80_pred.png,3577
pred_masks\37_81_pred.png,3578
pred_masks\37_82_pred.png,3579
pred_masks\37_83_pred.png,3580
pred_masks\37_84_pred.png,3581
pred_masks\37_85_pred.png,3582
pred_masks\37_86_pred.png,3583
pred_masks\37_87_pred.png,3584
pred_masks\37_88_pred.png,3585
pred_masks\37_89_pred.png,3586
pred_masks\37_8_pred.png,3587
pred_masks\37_90_pred.png,3588
pred_masks\37_91_pred.png,3589
pred_masks\37_92_pred.png,3590
pred_masks\37_93_pred.png,3591
pred_masks\37_94_pred.png,3592
pred_masks\37_95_pred.png,3593
pred_masks\37_96_pred.png,3594
pred_masks\37_97_pred.png,3595
pred_masks\37_98_pred.png,3596
pred_masks\37_99_pred.png,3597
pred_masks\37_9_pred.png,3598
pred_masks\37_pred.png,3599
pred_masks\38_10_pred.png,3600
pred_masks\38_11_pred.png,3601
pred_masks\38_12_pred.png,3602
pred_masks\38_13_pred.png,3603
pred_masks\38_14_pred.png,3604
pred_masks\38_15_pred.png,3605
pred_masks\38_16_pred.png,3606
pred_masks\38_17_pred.png,3607
pred_masks\38_18_pred.png,3608
pred_masks\38_19_pred.png,3609
pred_masks\38_1_pred.png,3610
pred_masks\38_20_pred.png,3611
pred_masks\38_21_pred.png,3612
pred_masks\38_22_pred.png,3613
pred_masks\38_23_pred.png,3614
pred_masks\38_24_pred.png,3615
pred_masks\38_25_pred.png,3616
pred_masks\38_26_pred.png,3617
pred_masks\38_27_pred.png,3618
pred_masks\38_28_pred.png,3619
pred_masks\38_29_pred.png,3620
pred_masks\38_2_pred.png,3621
pred_masks\38_30_pred.png,3622
pred_masks\38_31_pred.png,3623
pred_masks\38_32_pred.png,3624
pred_masks\38_33_pred.png,3625
pred_masks\38_34_pred.png,3626
pred_masks\38_35_pred.png,3627
pred_masks\38_36_pred.png,3628
pred_masks\38_37_pred.png,3629
pred_masks\38_38_pred.png,3630
pred_masks\38_39_pred.png,3631
pred_masks\38_3_pred.png,3632
pred_masks\38_40_pred.png,3633
pred_masks\38_41_pred.png,3634
pred_masks\38_42_pred.png,3635
pred_masks\38_43_pred.png,3636
pred_masks\38_44_pred.png,3637
pred_masks\38_45_pred.png,3638
pred_masks\38_46_pred.png,3639
pred_masks\38_47_pred.png,3640
pred_masks\38_48_pred.png,3641
pred_masks\38_49_pred.png,3642
pred_masks\38_4_pred.png,3643
pred_masks\38_50_pred.png,3644
pred_masks\38_51_pred.png,3645
pred_masks\38_52_pred.png,3646
pred_masks\38_53_pred.png,3647
pred_masks\38_54_pred.png,3648
pred_masks\38_55_pred.png,3649
pred_masks\38_56_pred.png,3650
pred_masks\38_57_pred.png,3651
pred_masks\38_58_pred.png,3652
pred_masks\38_59_pred.png,3653
pred_masks\38_5_pred.png,3654
pred_masks\38_60_pred.png,3655
pred_masks\38_61_pred.png,3656
pred_masks\38_62_pred.png,3657
pred_masks\38_63_pred.png,3658
pred_masks\38_64_pred.png,3659
pred_masks\38_65_pred.png,3660
pred_masks\38_66_pred.png,3661
pred_masks\38_67_pred.png,3662
pred_masks\38_68_pred.png,3663
pred_masks\38_69_pred.png,3664
pred_masks\38_6_pred.png,3665
pred_masks\38_70_pred.png,3666
pred_masks\38_71_pred.png,3667
pred_masks\38_72_pred.png,3668
pred_masks\38_73_pred.png,3669
pred_masks\38_74_pred.png,3670
pred_masks\38_75_pred.png,3671
pred_masks\38_76_pred.png,3672
pred_masks\38_77_pred.png,3673
pred_masks\38_78_pred.png,3674
pred_masks\38_79_pred.png,3675
pred_masks\38_7_pred.png,3676
pred_masks\38_80_pred.png,3677
pred_masks\38_81_pred.png,3678
pred_masks\38_82_pred.png,3679
pred_masks\38_83_pred.png,3680
pred_masks\38_84_pred.png,3681
pred_masks\38_85_pred.png,3682
pred_masks\38_86_pred.png,3683
pred_masks\38_87_pred.png,3684
pred_masks\38_88_pred.png,3685
pred_masks\38_89_pred.png,3686
pred_masks\38_8_pred.png,3687
pred_masks\38_90_pred.png,3688
pred_masks\38_91_pred.png,3689
pred_masks\38_92_pred.png,3690
pred_masks\38_93_pred.png,3691
pred_masks\38_94_pred.png,3692
pred_masks\38_95_pred.png,3693
pred_masks\38_96_pred.png,3694
pred_masks\38_97_pred.png,3695
pred_masks\38_98_pred.png,3696
pred_masks\38_99_pred.png,3697
pred_masks\38_9_pred.png,3698
pred_masks\38_pred.png,3699
pred_masks\39_10_pred.png,3700
pred_masks\39_11_pred.png,3701
pred_masks\39_12_pred.png,3702
pred_masks\39_13_pred.png,3703
pred_masks\39_14_pred.png,3704
pred_masks\39_15_pred.png,3705
pred_masks\39_16_pred.png,3706
pred_masks\39_17_pred.png,3707
pred_masks\39_18_pred.png,3708
pred_masks\39_19_pred.png,3709
pred_masks\39_1_pred.png,3710
pred_masks\39_20_pred.png,3711
pred_masks\39_21_pred.png,3712
pred_masks\39_22_pred.png,3713
pred_masks\39_23_pred.png,3714
pred_masks\39_24_pred.png,3715
pred_masks\39_25_pred.png,3716
pred_masks\39_26_pred.png,3717
pred_masks\39_27_pred.png,3718
pred_masks\39_28_pred.png,3719
pred_masks\39_29_pred.png,3720
pred_masks\39_2_pred.png,3721
pred_masks\39_30_pred.png,3722
pred_masks\39_31_pred.png,3723
pred_masks\39_32_pred.png,3724
pred_masks\39_33_pred.png,3725
pred_masks\39_34_pred.png,3726
pred_masks\39_35_pred.png,3727
pred_masks\39_36_pred.png,3728
pred_masks\39_37_pred.png,3729
pred_masks\39_38_pred.png,3730
pred_masks\39_39_pred.png,3731
pred_masks\39_3_pred.png,3732
pred_masks\39_40_pred.png,3733
pred_masks\39_41_pred.png,3734
pred_masks\39_42_pred.png,3735
pred_masks\39_43_pred.png,3736
pred_masks\39_44_pred.png,3737
pred_masks\39_45_pred.png,3738
pred_masks\39_46_pred.png,3739
pred_masks\39_47_pred.png,3740
pred_masks\39_48_pred.png,3741
pred_masks\39_49_pred.png,3742
pred_masks\39_4_pred.png,3743
pred_masks\39_50_pred.png,3744
pred_masks\39_51_pred.png,3745
pred_masks\39_52_pred.png,3746
pred_masks\39_53_pred.png,3747
pred_masks\39_54_pred.png,3748
pred_masks\39_55_pred.png,3749
pred_masks\39_56_pred.png,3750
pred_masks\39_57_pred.png,3751
pred_masks\39_58_pred.png,3752
pred_masks\39_59_pred.png,3753
pred_masks\39_5_pred.png,3754
pred_masks\39_60_pred.png,3755
pred_masks\39_61_pred.png,3756
pred_masks\39_62_pred.png,3757
pred_masks\39_63_pred.png,3758
pred_masks\39_64_pred.png,3759
pred_masks\39_65_pred.png,3760
pred_masks\39_66_pred.png,3761
pred_masks\39_67_pred.png,3762
pred_masks\39_68_pred.png,3763
pred_masks\39_69_pred.png,3764
pred_masks\39_6_pred.png,3765
pred_masks\39_70_pred.png,3766
pred_masks\39_71_pred.png,3767
pred_masks\39_72_pred.png,3768
pred_masks\39_73_pred.png,3769
pred_masks\39_74_pred.png,3770
pred_masks\39_75_pred.png,3771
pred_masks\39_76_pred.png,3772
pred_masks\39_77_pred.png,3773
pred_masks\39_78_pred.png,3774
pred_masks\39_79_pred.png,3775
pred_masks\39_7_pred.png,3776
pred_masks\39_80_pred.png,3777
pred_masks\39_81_pred.png,3778
pred_masks\39_82_pred.png,3779
pred_masks\39_83_pred.png,3780
pred_masks\39_84_pred.png,3781
pred_masks\39_85_pred.png,3782
pred_masks\39_86_pred.png,3783
pred_masks\39_87_pred.png,3784
pred_masks\39_88_pred.png,3785
pred_masks\39_89_pred.png,3786
pred_masks\39_8_pred.png,3787
pred_masks\39_90_pred.png,3788
pred_masks\39_91_pred.png,3789
pred_masks\39_92_pred.png,3790
pred_masks\39_93_pred.png,3791
pred_masks\39_94_pred.png,3792
pred_masks\39_95_pred.png,3793
pred_masks\39_96_pred.png,3794
pred_masks\39_97_pred.png,3795
pred_masks\39_98_pred.png,3796
pred_masks\39_99_pred.png,3797
pred_masks\39_9_pred.png,3798
pred_masks\39_pred.png,3799
pred_masks\3_100_pred.png,3800
pred_masks\3_101_pred.png,3801
pred_masks\3_102_pred.png,3802
pred_masks\3_103_pred.png,3803
pred_masks\3_104_pred.png,3804
pred_masks\3_105_pred.png,3805
pred_masks\3_106_pred.png,3806
pred_masks\3_107_pred.png,3807
pred_masks\3_108_pred.png,3808
pred_masks\3_109_pred.png,3809
pred_masks\3_10_pred.png,3810
pred_masks\3_110_pred.png,3811
pred_masks\3_111_pred.png,3812
pred_masks\3_112_pred.png,3813
pred_masks\3_113_pred.png,3814
pred_masks\3_114_pred.png,3815
pred_masks\3_115_pred.png,3816
pred_masks\3_116_pred.png,3817
pred_masks\3_117_pred.png,3818
pred_masks\3_118_pred.png,3819
pred_masks\3_119_pred.png,3820
pred_masks\3_11_pred.png,3821
pred_masks\3_120_pred.png,3822
pred_masks\3_121_pred.png,3823
pred_masks\3_122_pred.png,3824
pred_masks\3_123_pred.png,3825
pred_masks\3_124_pred.png,3826
pred_masks\3_125_pred.png,3827
pred_masks\3_126_pred.png,3828
pred_masks\3_127_pred.png,3829
pred_masks\3_128_pred.png,3830
pred_masks\3_129_pred.png,3831
pred_masks\3_12_pred.png,3832
pred_masks\3_130_pred.png,3833
pred_masks\3_131_pred.png,3834
pred_masks\3_132_pred.png,3835
pred_masks\3_133_pred.png,3836
pred_masks\3_134_pred.png,3837
pred_masks\3_135_pred.png,3838
pred_masks\3_136_pred.png,3839
pred_masks\3_137_pred.png,3840
pred_masks\3_138_pred.png,3841
pred_masks\3_139_pred.png,3842
pred_masks\3_13_pred.png,3843
pred_masks\3_140_pred.png,3844
pred_masks\3_141_pred.png,3845
pred_masks\3_142_pred.png,3846
pred_masks\3_143_pred.png,3847
pred_masks\3_144_pred.png,3848
pred_masks\3_145_pred.png,3849
pred_masks\3_146_pred.png,3850
pred_masks\3_147_pred.png,3851
pred_masks\3_148_pred.png,3852
pred_masks\3_149_pred.png,3853
pred_masks\3_14_pred.png,3854
pred_masks\3_150_pred.png,3855
pred_masks\3_151_pred.png,3856
pred_masks\3_152_pred.png,3857
pred_masks\3_153_pred.png,3858
pred_masks\3_154_pred.png,3859
pred_masks\3_155_pred.png,3860
pred_masks\3_156_pred.png,3861
pred_masks\3_157_pred.png,3862
pred_masks\3_158_pred.png,3863
pred_masks\3_159_pred.png,3864
pred_masks\3_15_pred.png,3865
pred_masks\3_160_pred.png,3866
pred_masks\3_161_pred.png,3867
pred_masks\3_162_pred.png,3868
pred_masks\3_163_pred.png,3869
pred_masks\3_164_pred.png,3870
pred_masks\3_165_pred.png,3871
pred_masks\3_166_pred.png,3872
pred_masks\3_167_pred.png,3873
pred_masks\3_168_pred.png,3874
pred_masks\3_169_pred.png,3875
pred_masks\3_16_pred.png,3876
pred_masks\3_170_pred.png,3877
pred_masks\3_171_pred.png,3878
pred_masks\3_172_pred.png,3879
pred_masks\3_173_pred.png,3880
pred_masks\3_174_pred.png,3881
pred_masks\3_175_pred.png,3882
pred_masks\3_176_pred.png,3883
pred_masks\3_177_pred.png,3884
pred_masks\3_178_pred.png,3885
pred_masks\3_179_pred.png,3886
pred_masks\3_17_pred.png,3887
pred_masks\3_180_pred.png,3888
pred_masks\3_181_pred.png,3889
pred_masks\3_182_pred.png,3890
pred_masks\3_183_pred.png,3891
pred_masks\3_184_pred.png,3892
pred_masks\3_185_pred.png,3893
pred_masks\3_186_pred.png,3894
pred_masks\3_187_pred.png,3895
pred_masks\3_188_pred.png,3896
pred_masks\3_189_pred.png,3897
pred_masks\3_18_pred.png,3898
pred_masks\3_190_pred.png,3899
pred_masks\3_191_pred.png,3900
pred_masks\3_192_pred.png,3901
pred_masks\3_193_pred.png,3902
pred_masks\3_194_pred.png,3903
pred_masks\3_195_pred.png,3904
pred_masks\3_196_pred.png,3905
pred_masks\3_197_pred.png,3906
pred_masks\3_198_pred.png,3907
pred_masks\3_199_pred.png,3908
pred_masks\3_19_pred.png,3909
pred_masks\3_1_pred.png,3910
pred_masks\3_20_pred.png,3911
pred_masks\3_21_pred.png,3912
pred_masks\3_22_pred.png,3913
pred_masks\3_23_pred.png,3914
pred_masks\3_24_pred.png,3915
pred_masks\3_25_pred.png,3916
pred_masks\3_26_pred.png,3917
pred_masks\3_27_pred.png,3918
pred_masks\3_28_pred.png,3919
pred_masks\3_29_pred.png,3920
pred_masks\3_2_pred.png,3921
pred_masks\3_30_pred.png,3922
pred_masks\3_31_pred.png,3923
pred_masks\3_32_pred.png,3924
pred_masks\3_33_pred.png,3925
pred_masks\3_34_pred.png,3926
pred_masks\3_35_pred.png,3927
pred_masks\3_36_pred.png,3928
pred_masks\3_37_pred.png,3929
pred_masks\3_38_pred.png,3930
pred_masks\3_39_pred.png,3931
pred_masks\3_3_pred.png,3932
pred_masks\3_40_pred.png,3933
pred_masks\3_41_pred.png,3934
pred_masks\3_42_pred.png,3935
pred_masks\3_43_pred.png,3936
pred_masks\3_44_pred.png,3937
pred_masks\3_45_pred.png,3938
pred_masks\3_46_pred.png,3939
pred_masks\3_47_pred.png,3940
pred_masks\3_48_pred.png,3941
pred_masks\3_49_pred.png,3942
pred_masks\3_4_pred.png,3943
pred_masks\3_50_pred.png,3944
pred_masks\3_51_pred.png,3945
pred_masks\3_52_pred.png,3946
pred_masks\3_53_pred.png,3947
pred_masks\3_54_pred.png,3948
pred_masks\3_55_pred.png,3949
pred_masks\3_56_pred.png,3950
pred_masks\3_57_pred.png,3951
pred_masks\3_58_pred.png,3952
pred_masks\3_59_pred.png,3953
pred_masks\3_5_pred.png,3954
pred_masks\3_60_pred.png,3955
pred_masks\3_61_pred.png,3956
pred_masks\3_62_pred.png,3957
pred_masks\3_63_pred.png,3958
pred_masks\3_64_pred.png,3959
pred_masks\3_65_pred.png,3960
pred_masks\3_66_pred.png,3961
pred_masks\3_67_pred.png,3962
pred_masks\3_68_pred.png,3963
pred_masks\3_69_pred.png,3964
pred_masks\3_6_pred.png,3965
pred_masks\3_70_pred.png,3966
pred_masks\3_71_pred.png,3967
pred_masks\3_72_pred.png,3968
pred_masks\3_73_pred.png,3969
pred_masks\3_74_pred.png,3970
pred_masks\3_75_pred.png,3971
pred_masks\3_76_pred.png,3972
pred_masks\3_77_pred.png,3973
pred_masks\3_78_pred.png,3974
pred_masks\3_79_pred.png,3975
pred_masks\3_7_pred.png,3976
pred_masks\3_80_pred.png,3977
pred_masks\3_81_pred.png,3978
pred_masks\3_82_pred.png,3979
pred_masks\3_83_pred.png,3980
pred_masks\3_84_pred.png,3981
pred_masks\3_85_pred.png,3982
pred_masks\3_86_pred.png,3983
pred_masks\3_87_pred.png,3984
pred_masks\3_88_pred.png,3985
pred_masks\3_89_pred.png,3986
pred_masks\3_8_pred.png,3987
pred_masks\3_90_pred.png,3988
pred_masks\3_91_pred.png,3989
pred_masks\3_92_pred.png,3990
pred_masks\3_93_pred.png,3991
pred_masks\3_94_pred.png,3992
pred_masks\3_95_pred.png,3993
pred_masks\3_96_pred.png,3994
pred_masks\3_97_pred.png,3995
pred_masks\3_98_pred.png,3996
pred_masks\3_99_pred.png,3997
pred_masks\3_9_pred.png,3998
pred_masks\3_pred.png,3999
pred_masks\40_10_pred.png,4000
pred_masks\40_11_pred.png,4001
pred_masks\40_12_pred.png,4002
pred_masks\40_13_pred.png,4003
pred_masks\40_14_pred.png,4004
pred_masks\40_15_pred.png,4005
pred_masks\40_16_pred.png,4006
pred_masks\40_17_pred.png,4007
pred_masks\40_18_pred.png,4008
pred_masks\40_19_pred.png,4009
pred_masks\40_1_pred.png,4010
pred_masks\40_20_pred.png,4011
pred_masks\40_21_pred.png,4012
pred_masks\40_22_pred.png,4013
pred_masks\40_23_pred.png,4014
pred_masks\40_24_pred.png,4015
pred_masks\40_25_pred.png,4016
pred_masks\40_26_pred.png,4017
pred_masks\40_27_pred.png,4018
pred_masks\40_28_pred.png,4019
pred_masks\40_29_pred.png,4020
pred_masks\40_2_pred.png,4021
pred_masks\40_30_pred.png,4022
pred_masks\40_31_pred.png,4023
pred_masks\40_32_pred.png,4024
pred_masks\40_33_pred.png,4025
pred_masks\40_34_pred.png,4026
pred_masks\40_35_pred.png,4027
pred_masks\40_36_pred.png,4028
pred_masks\40_37_pred.png,4029
pred_masks\40_38_pred.png,4030
pred_masks\40_39_pred.png,4031
pred_masks\40_3_pred.png,4032
pred_masks\40_40_pred.png,4033
pred_masks\40_41_pred.png,4034
pred_masks\40_42_pred.png,4035
pred_masks\40_43_pred.png,4036
pred_masks\40_44_pred.png,4037
pred_masks\40_45_pred.png,4038
pred_masks\40_46_pred.png,4039
pred_masks\40_47_pred.png,4040
pred_masks\40_48_pred.png,4041
pred_masks\40_49_pred.png,4042
pred_masks\40_4_pred.png,4043
pred_masks\40_50_pred.png,4044
pred_masks\40_51_pred.png,4045
pred_masks\40_52_pred.png,4046
pred_masks\40_53_pred.png,4047
pred_masks\40_54_pred.png,4048
pred_masks\40_55_pred.png,4049
pred_masks\40_56_pred.png,4050
pred_masks\40_57_pred.png,4051
pred_masks\40_58_pred.png,4052
pred_masks\40_59_pred.png,4053
pred_masks\40_5_pred.png,4054
pred_masks\40_60_pred.png,4055
pred_masks\40_61_pred.png,4056
pred_masks\40_62_pred.png,4057
pred_masks\40_63_pred.png,4058
pred_masks\40_64_pred.png,4059
pred_masks\40_65_pred.png,4060
pred_masks\40_66_pred.png,4061
pred_masks\40_67_pred.png,4062
pred_masks\40_68_pred.png,4063
pred_masks\40_69_pred.png,4064
pred_masks\40_6_pred.png,4065
pred_masks\40_70_pred.png,4066
pred_masks\40_71_pred.png,4067
pred_masks\40_72_pred.png,4068
pred_masks\40_73_pred.png,4069
pred_masks\40_74_pred.png,4070
pred_masks\40_75_pred.png,4071
pred_masks\40_76_pred.png,4072
pred_masks\40_77_pred.png,4073
pred_masks\40_78_pred.png,4074
pred_masks\40_79_pred.png,4075
pred_masks\40_7_pred.png,4076
pred_masks\40_80_pred.png,4077
pred_masks\40_81_pred.png,4078
pred_masks\40_82_pred.png,4079
pred_masks\40_83_pred.png,4080
pred_masks\40_84_pred.png,4081
pred_masks\40_85_pred.png,4082
pred_masks\40_86_pred.png,4083
pred_masks\40_87_pred.png,4084
pred_masks\40_88_pred.png,4085
pred_masks\40_89_pred.png,4086
pred_masks\40_8_pred.png,4087
pred_masks\40_90_pred.png,4088
pred_masks\40_91_pred.png,4089
pred_masks\40_92_pred.png,4090
pred_masks\40_93_pred.png,4091
pred_masks\40_94_pred.png,4092
pred_masks\40_95_pred.png,4093
pred_masks\40_96_pred.png,4094
pred_masks\40_97_pred.png,4095
pred_masks\40_98_pred.png,4096
pred_masks\40_99_pred.png,4097
pred_masks\40_9_pred.png,4098
pred_masks\40_pred.png,4099
pred_masks\41_10_pred.png,4100
pred_masks\41_11_pred.png,4101
pred_masks\41_12_pred.png,4102
pred_masks\41_13_pred.png,4103
pred_masks\41_14_pred.png,4104
pred_masks\41_15_pred.png,4105
pred_masks\41_16_pred.png,4106
pred_masks\41_17_pred.png,4107
pred_masks\41_18_pred.png,4108
pred_masks\41_19_pred.png,4109
pred_masks\41_1_pred.png,4110
pred_masks\41_20_pred.png,4111
pred_masks\41_21_pred.png,4112
pred_masks\41_22_pred.png,4113
pred_masks\41_23_pred.png,4114
pred_masks\41_24_pred.png,4115
pred_masks\41_25_pred.png,4116
pred_masks\41_26_pred.png,4117
pred_masks\41_27_pred.png,4118
pred_masks\41_28_pred.png,4119
pred_masks\41_29_pred.png,4120
pred_masks\41_2_pred.png,4121
pred_masks\41_30_pred.png,4122
pred_masks\41_31_pred.png,4123
pred_masks\41_32_pred.png,4124
pred_masks\41_33_pred.png,4125
pred_masks\41_34_pred.png,4126
pred_masks\41_35_pred.png,4127
pred_masks\41_36_pred.png,4128
pred_masks\41_37_pred.png,4129
pred_masks\41_38_pred.png,4130
pred_masks\41_39_pred.png,4131
pred_masks\41_3_pred.png,4132
pred_masks\41_40_pred.png,4133
pred_masks\41_41_pred.png,4134
pred_masks\41_42_pred.png,4135
pred_masks\41_43_pred.png,4136
pred_masks\41_44_pred.png,4137
pred_masks\41_45_pred.png,4138
pred_masks\41_46_pred.png,4139
pred_masks\41_47_pred.png,4140
pred_masks\41_48_pred.png,4141
pred_masks\41_49_pred.png,4142
pred_masks\41_4_pred.png,4143
pred_masks\41_50_pred.png,4144
pred_masks\41_51_pred.png,4145
pred_masks\41_52_pred.png,4146
pred_masks\41_53_pred.png,4147
pred_masks\41_54_pred.png,4148
pred_masks\41_55_pred.png,4149
pred_masks\41_56_pred.png,4150
pred_masks\41_57_pred.png,4151
pred_masks\41_58_pred.png,4152
pred_masks\41_59_pred.png,4153
pred_masks\41_5_pred.png,4154
pred_masks\41_60_pred.png,4155
pred_masks\41_61_pred.png,4156
pred_masks\41_62_pred.png,4157
pred_masks\41_63_pred.png,4158
pred_masks\41_64_pred.png,4159
pred_masks\41_65_pred.png,4160
pred_masks\41_66_pred.png,4161
pred_masks\41_67_pred.png,4162
pred_masks\41_68_pred.png,4163
pred_masks\41_69_pred.png,4164
pred_masks\41_6_pred.png,4165
pred_masks\41_70_pred.png,4166
pred_masks\41_71_pred.png,4167
pred_masks\41_72_pred.png,4168
pred_masks\41_73_pred.png,4169
pred_masks\41_74_pred.png,4170
pred_masks\41_75_pred.png,4171
pred_masks\41_76_pred.png,4172
pred_masks\41_77_pred.png,4173
pred_masks\41_78_pred.png,4174
pred_masks\41_79_pred.png,4175
pred_masks\41_7_pred.png,4176
pred_masks\41_80_pred.png,4177
pred_masks\41_81_pred.png,4178
pred_masks\41_82_pred.png,4179
pred_masks\41_83_pred.png,4180
pred_masks\41_84_pred.png,4181
pred_masks\41_85_pred.png,4182
pred_masks\41_86_pred.png,4183
pred_masks\41_87_pred.png,4184
pred_masks\41_88_pred.png,4185
pred_masks\41_89_pred.png,4186
pred_masks\41_8_pred.png,4187
pred_masks\41_90_pred.png,4188
pred_masks\41_91_pred.png,4189
pred_masks\41_92_pred.png,4190
pred_masks\41_93_pred.png,4191
pred_masks\41_94_pred.png,4192
pred_masks\41_95_pred.png,4193
pred_masks\41_96_pred.png,4194
pred_masks\41_97_pred.png,4195
pred_masks\41_98_pred.png,4196
pred_masks\41_99_pred.png,4197
pred_masks\41_9_pred.png,4198
pred_masks\41_pred.png,4199
pred_masks\42_10_pred.png,4200
pred_masks\42_11_pred.png,4201
pred_masks\42_12_pred.png,4202
pred_masks\42_13_pred.png,4203
pred_masks\42_14_pred.png,4204
pred_masks\42_15_pred.png,4205
pred_masks\42_16_pred.png,4206
pred_masks\42_17_pred.png,4207
pred_masks\42_18_pred.png,4208
pred_masks\42_19_pred.png,4209
pred_masks\42_1_pred.png,4210
pred_masks\42_20_pred.png,4211
pred_masks\42_21_pred.png,4212
pred_masks\42_22_pred.png,4213
pred_masks\42_23_pred.png,4214
pred_masks\42_24_pred.png,4215
pred_masks\42_25_pred.png,4216
pred_masks\42_26_pred.png,4217
pred_masks\42_27_pred.png,4218
pred_masks\42_28_pred.png,4219
pred_masks\42_29_pred.png,4220
pred_masks\42_2_pred.png,4221
pred_masks\42_30_pred.png,4222
pred_masks\42_31_pred.png,4223
pred_masks\42_32_pred.png,4224
pred_masks\42_33_pred.png,4225
pred_masks\42_34_pred.png,4226
pred_masks\42_35_pred.png,4227
pred_masks\42_36_pred.png,4228
pred_masks\42_37_pred.png,4229
pred_masks\42_38_pred.png,4230
pred_masks\42_39_pred.png,4231
pred_masks\42_3_pred.png,4232
pred_masks\42_40_pred.png,4233
pred_masks\42_41_pred.png,4234
pred_masks\42_42_pred.png,4235
pred_masks\42_43_pred.png,4236
pred_masks\42_44_pred.png,4237
pred_masks\42_45_pred.png,4238
pred_masks\42_46_pred.png,4239
pred_masks\42_47_pred.png,4240
pred_masks\42_48_pred.png,4241
pred_masks\42_49_pred.png,4242
pred_masks\42_4_pred.png,4243
pred_masks\42_50_pred.png,4244
pred_masks\42_51_pred.png,4245
pred_masks\42_52_pred.png,4246
pred_masks\42_53_pred.png,4247
pred_masks\42_54_pred.png,4248
pred_masks\42_55_pred.png,4249
pred_masks\42_56_pred.png,4250
pred_masks\42_57_pred.png,4251
pred_masks\42_58_pred.png,4252
pred_masks\42_59_pred.png,4253
pred_masks\42_5_pred.png,4254
pred_masks\42_60_pred.png,4255
pred_masks\42_61_pred.png,4256
pred_masks\42_62_pred.png,4257
pred_masks\42_63_pred.png,4258
pred_masks\42_64_pred.png,4259
pred_masks\42_65_pred.png,4260
pred_masks\42_66_pred.png,4261
pred_masks\42_67_pred.png,4262
pred_masks\42_68_pred.png,4263
pred_masks\42_69_pred.png,4264
pred_masks\42_6_pred.png,4265
pred_masks\42_70_pred.png,4266
pred_masks\42_71_pred.png,4267
pred_masks\42_72_pred.png,4268
pred_masks\42_73_pred.png,4269
pred_masks\42_74_pred.png,4270
pred_masks\42_75_pred.png,4271
pred_masks\42_76_pred.png,4272
pred_masks\42_77_pred.png,4273
pred_masks\42_78_pred.png,4274
pred_masks\42_79_pred.png,4275
pred_masks\42_7_pred.png,4276
pred_masks\42_80_pred.png,4277
pred_masks\42_81_pred.png,4278
pred_masks\42_82_pred.png,4279
pred_masks\42_83_pred.png,4280
pred_masks\42_84_pred.png,4281
pred_masks\42_85_pred.png,4282
pred_masks\42_86_pred.png,4283
pred_masks\42_87_pred.png,4284
pred_masks\42_88_pred.png,4285
pred_masks\42_89_pred.png,4286
pred_masks\42_8_pred.png,4287
pred_masks\42_90_pred.png,4288
pred_masks\42_91_pred.png,4289
pred_masks\42_92_pred.png,4290
pred_masks\42_93_pred.png,4291
pred_masks\42_94_pred.png,4292
pred_masks\42_95_pred.png,4293
pred_masks\42_96_pred.png,4294
pred_masks\42_97_pred.png,4295
pred_masks\42_98_pred.png,4296
pred_masks\42_99_pred.png,4297
pred_masks\42_9_pred.png,4298
pred_masks\42_pred.png,4299
pred_masks\43_10_pred.png,4300
pred_masks\43_11_pred.png,4301
pred_masks\43_12_pred.png,4302
pred_masks\43_13_pred.png,4303
pred_masks\43_14_pred.png,4304
pred_masks\43_15_pred.png,4305
pred_masks\43_16_pred.png,4306
pred_masks\43_17_pred.png,4307
pred_masks\43_18_pred.png,4308
pred_masks\43_19_pred.png,4309
pred_masks\43_1_pred.png,4310
pred_masks\43_20_pred.png,4311
pred_masks\43_21_pred.png,4312
pred_masks\43_22_pred.png,4313
pred_masks\43_23_pred.png,4314
pred_masks\43_24_pred.png,4315
pred_masks\43_25_pred.png,4316
pred_masks\43_26_pred.png,4317
pred_masks\43_27_pred.png,4318
pred_masks\43_28_pred.png,4319
pred_masks\43_29_pred.png,4320
pred_masks\43_2_pred.png,4321
pred_masks\43_30_pred.png,4322
pred_masks\43_31_pred.png,4323
pred_masks\43_32_pred.png,4324
pred_masks\43_33_pred.png,4325
pred_masks\43_34_pred.png,4326
pred_masks\43_35_pred.png,4327
pred_masks\43_36_pred.png,4328
pred_masks\43_37_pred.png,4329
pred_masks\43_38_pred.png,4330
pred_masks\43_39_pred.png,4331
pred_masks\43_3_pred.png,4332
pred_masks\43_40_pred.png,4333
pred_masks\43_41_pred.png,4334
pred_masks\43_42_pred.png,4335
pred_masks\43_43_pred.png,4336
pred_masks\43_44_pred.png,4337
pred_masks\43_45_pred.png,4338
pred_masks\43_46_pred.png,4339
pred_masks\43_47_pred.png,4340
pred_masks\43_48_pred.png,4341
pred_masks\43_49_pred.png,4342
pred_masks\43_4_pred.png,4343
pred_masks\43_50_pred.png,4344
pred_masks\43_51_pred.png,4345
pred_masks\43_52_pred.png,4346
pred_masks\43_53_pred.png,4347
pred_masks\43_54_pred.png,4348
pred_masks\43_55_pred.png,4349
pred_masks\43_56_pred.png,4350
pred_masks\43_57_pred.png,4351
pred_masks\43_58_pred.png,4352
pred_masks\43_59_pred.png,4353
pred_masks\43_5_pred.png,4354
pred_masks\43_60_pred.png,4355
pred_masks\43_61_pred.png,4356
pred_masks\43_62_pred.png,4357
pred_masks\43_63_pred.png,4358
pred_masks\43_64_pred.png,4359
pred_masks\43_65_pred.png,4360
pred_masks\43_66_pred.png,4361
pred_masks\43_67_pred.png,4362
pred_masks\43_68_pred.png,4363
pred_masks\43_69_pred.png,4364
pred_masks\43_6_pred.png,4365
pred_masks\43_70_pred.png,4366
pred_masks\43_71_pred.png,4367
pred_masks\43_72_pred.png,4368
pred_masks\43_73_pred.png,4369
pred_masks\43_74_pred.png,4370
pred_masks\43_75_pred.png,4371
pred_masks\43_76_pred.png,4372
pred_masks\43_77_pred.png,4373
pred_masks\43_78_pred.png,4374
pred_masks\43_79_pred.png,4375
pred_masks\43_7_pred.png,4376
pred_masks\43_80_pred.png,4377
pred_masks\43_81_pred.png,4378
pred_masks\43_82_pred.png,4379
pred_masks\43_83_pred.png,4380
pred_masks\43_84_pred.png,4381
pred_masks\43_85_pred.png,4382
pred_masks\43_86_pred.png,4383
pred_masks\43_87_pred.png,4384
pred_masks\43_88_pred.png,4385
pred_masks\43_89_pred.png,4386
pred_masks\43_8_pred.png,4387
pred_masks\43_90_pred.png,4388
pred_masks\43_91_pred.png,4389
pred_masks\43_92_pred.png,4390
pred_masks\43_93_pred.png,4391
pred_masks\43_94_pred.png,4392
pred_masks\43_95_pred.png,4393
pred_masks\43_96_pred.png,4394
pred_masks\43_97_pred.png,4395
pred_masks\43_98_pred.png,4396
pred_masks\43_99_pred.png,4397
pred_masks\43_9_pred.png,4398
pred_masks\43_pred.png,4399
pred_masks\44_10_pred.png,4400
pred_masks\44_11_pred.png,4401
pred_masks\44_12_pred.png,4402
pred_masks\44_13_pred.png,4403
pred_masks\44_14_pred.png,4404
pred_masks\44_15_pred.png,4405
pred_masks\44_16_pred.png,4406
pred_masks\44_17_pred.png,4407
pred_masks\44_18_pred.png,4408
pred_masks\44_19_pred.png,4409
pred_masks\44_1_pred.png,4410
pred_masks\44_20_pred.png,4411
pred_masks\44_21_pred.png,4412
pred_masks\44_22_pred.png,4413
pred_masks\44_23_pred.png,4414
pred_masks\44_24_pred.png,4415
pred_masks\44_25_pred.png,4416
pred_masks\44_26_pred.png,4417
pred_masks\44_27_pred.png,4418
pred_masks\44_28_pred.png,4419
pred_masks\44_29_pred.png,4420
pred_masks\44_2_pred.png,4421
pred_masks\44_30_pred.png,4422
pred_masks\44_31_pred.png,4423
pred_masks\44_32_pred.png,4424
pred_masks\44_33_pred.png,4425
pred_masks\44_34_pred.png,4426
pred_masks\44_35_pred.png,4427
pred_masks\44_36_pred.png,4428
pred_masks\44_37_pred.png,4429
pred_masks\44_38_pred.png,4430
pred_masks\44_39_pred.png,4431
pred_masks\44_3_pred.png,4432
pred_masks\44_40_pred.png,4433
pred_masks\44_41_pred.png,4434
pred_masks\44_42_pred.png,4435
pred_masks\44_43_pred.png,4436
pred_masks\44_44_pred.png,4437
pred_masks\44_45_pred.png,4438
pred_masks\44_46_pred.png,4439
pred_masks\44_47_pred.png,4440
pred_masks\44_48_pred.png,4441
pred_masks\44_49_pred.png,4442
pred_masks\44_4_pred.png,4443
pred_masks\44_50_pred.png,4444
pred_masks\44_51_pred.png,4445
pred_masks\44_52_pred.png,4446
pred_masks\44_53_pred.png,4447
pred_masks\44_54_pred.png,4448
pred_masks\44_55_pred.png,4449
pred_masks\44_56_pred.png,4450
pred_masks\44_57_pred.png,4451
pred_masks\44_58_pred.png,4452
pred_masks\44_59_pred.png,4453
pred_masks\44_5_pred.png,4454
pred_masks\44_60_pred.png,4455
pred_masks\44_61_pred.png,4456
pred_masks\44_62_pred.png,4457
pred_masks\44_63_pred.png,4458
pred_masks\44_64_pred.png,4459
pred_masks\44_65_pred.png,4460
pred_masks\44_66_pred.png,4461
pred_masks\44_67_pred.png,4462
pred_masks\44_68_pred.png,4463
pred_masks\44_69_pred.png,4464
pred_masks\44_6_pred.png,4465
pred_masks\44_70_pred.png,4466
pred_masks\44_71_pred.png,4467
pred_masks\44_72_pred.png,4468
pred_masks\44_73_pred.png,4469
pred_masks\44_74_pred.png,4470
pred_masks\44_75_pred.png,4471
pred_masks\44_76_pred.png,4472
pred_masks\44_77_pred.png,4473
pred_masks\44_78_pred.png,4474
pred_masks\44_79_pred.png,4475
pred_masks\44_7_pred.png,4476
pred_masks\44_80_pred.png,4477
pred_masks\44_81_pred.png,4478
pred_masks\44_82_pred.png,4479
pred_masks\44_83_pred.png,4480
pred_masks\44_84_pred.png,4481
pred_masks\44_85_pred.png,4482
pred_masks\44_86_pred.png,4483
pred_masks\44_87_pred.png,4484
pred_masks\44_88_pred.png,4485
pred_masks\44_89_pred.png,4486
pred_masks\44_8_pred.png,4487
pred_masks\44_90_pred.png,4488
pred_masks\44_91_pred.png,4489
pred_masks\44_92_pred.png,4490
pred_masks\44_93_pred.png,4491
pred_masks\44_94_pred.png,4492
pred_masks\44_95_pred.png,4493
pred_masks\44_96_pred.png,4494
pred_masks\44_97_pred.png,4495
pred_masks\44_98_pred.png,4496
pred_masks\44_99_pred.png,4497
pred_masks\44_9_pred.png,4498
pred_masks\44_pred.png,4499
pred_masks\45_10_pred.png,4500
pred_masks\45_11_pred.png,4501
pred_masks\45_12_pred.png,4502
pred_masks\45_13_pred.png,4503
pred_masks\45_14_pred.png,4504
pred_masks\45_15_pred.png,4505
pred_masks\45_16_pred.png,4506
pred_masks\45_17_pred.png,4507
pred_masks\45_18_pred.png,4508
pred_masks\45_19_pred.png,4509
pred_masks\45_1_pred.png,4510
pred_masks\45_20_pred.png,4511
pred_masks\45_21_pred.png,4512
pred_masks\45_22_pred.png,4513
pred_masks\45_23_pred.png,4514
pred_masks\45_24_pred.png,4515
pred_masks\45_25_pred.png,4516
pred_masks\45_26_pred.png,4517
pred_masks\45_27_pred.png,4518
pred_masks\45_28_pred.png,4519
pred_masks\45_29_pred.png,4520
pred_masks\45_2_pred.png,4521
pred_masks\45_30_pred.png,4522
pred_masks\45_31_pred.png,4523
pred_masks\45_32_pred.png,4524
pred_masks\45_33_pred.png,4525
pred_masks\45_34_pred.png,4526
pred_masks\45_35_pred.png,4527
pred_masks\45_36_pred.png,4528
pred_masks\45_37_pred.png,4529
pred_masks\45_38_pred.png,4530
pred_masks\45_39_pred.png,4531
pred_masks\45_3_pred.png,4532
pred_masks\45_40_pred.png,4533
pred_masks\45_41_pred.png,4534
pred_masks\45_42_pred.png,4535
pred_masks\45_43_pred.png,4536
pred_masks\45_44_pred.png,4537
pred_masks\45_45_pred.png,4538
pred_masks\45_46_pred.png,4539
pred_masks\45_47_pred.png,4540
pred_masks\45_48_pred.png,4541
pred_masks\45_49_pred.png,4542
pred_masks\45_4_pred.png,4543
pred_masks\45_50_pred.png,4544
pred_masks\45_51_pred.png,4545
pred_masks\45_52_pred.png,4546
pred_masks\45_53_pred.png,4547
pred_masks\45_54_pred.png,4548
pred_masks\45_55_pred.png,4549
pred_masks\45_56_pred.png,4550
pred_masks\45_57_pred.png,4551
pred_masks\45_58_pred.png,4552
pred_masks\45_59_pred.png,4553
pred_masks\45_5_pred.png,4554
pred_masks\45_60_pred.png,4555
pred_masks\45_61_pred.png,4556
pred_masks\45_62_pred.png,4557
pred_masks\45_63_pred.png,4558
pred_masks\45_64_pred.png,4559
pred_masks\45_65_pred.png,4560
pred_masks\45_66_pred.png,4561
pred_masks\45_67_pred.png,4562
pred_masks\45_68_pred.png,4563
pred_masks\45_69_pred.png,4564
pred_masks\45_6_pred.png,4565
pred_masks\45_70_pred.png,4566
pred_masks\45_71_pred.png,4567
pred_masks\45_72_pred.png,4568
pred_masks\45_73_pred.png,4569
pred_masks\45_74_pred.png,4570
pred_masks\45_75_pred.png,4571
pred_masks\45_76_pred.png,4572
pred_masks\45_77_pred.png,4573
pred_masks\45_78_pred.png,4574
pred_masks\45_79_pred.png,4575
pred_masks\45_7_pred.png,4576
pred_masks\45_80_pred.png,4577
pred_masks\45_81_pred.png,4578
pred_masks\45_82_pred.png,4579
pred_masks\45_83_pred.png,4580
pred_masks\45_84_pred.png,4581
pred_masks\45_85_pred.png,4582
pred_masks\45_86_pred.png,4583
pred_masks\45_87_pred.png,4584
pred_masks\45_88_pred.png,4585
pred_masks\45_89_pred.png,4586
pred_masks\45_8_pred.png,4587
pred_masks\45_90_pred.png,4588
pred_masks\45_91_pred.png,4589
pred_masks\45_92_pred.png,4590
pred_masks\45_93_pred.png,4591
pred_masks\45_94_pred.png,4592
pred_masks\45_95_pred.png,4593
pred_masks\45_96_pred.png,4594
pred_masks\45_97_pred.png,4595
pred_masks\45_98_pred.png,4596
pred_masks\45_99_pred.png,4597
pred_masks\45_9_pred.png,4598
pred_masks\45_pred.png,4599
pred_masks\46_10_pred.png,4600
pred_masks\46_11_pred.png,4601
pred_masks\46_12_pred.png,4602
pred_masks\46_13_pred.png,4603
pred_masks\46_14_pred.png,4604
pred_masks\46_15_pred.png,4605
pred_masks\46_16_pred.png,4606
pred_masks\46_17_pred.png,4607
pred_masks\46_18_pred.png,4608
pred_masks\46_19_pred.png,4609
pred_masks\46_1_pred.png,4610
pred_masks\46_20_pred.png,4611
pred_masks\46_21_pred.png,4612
pred_masks\46_22_pred.png,4613
pred_masks\46_23_pred.png,4614
pred_masks\46_24_pred.png,4615
pred_masks\46_25_pred.png,4616
pred_masks\46_26_pred.png,4617
pred_masks\46_27_pred.png,4618
pred_masks\46_28_pred.png,4619
pred_masks\46_29_pred.png,4620
pred_masks\46_2_pred.png,4621
pred_masks\46_30_pred.png,4622
pred_masks\46_31_pred.png,4623
pred_masks\46_32_pred.png,4624
pred_masks\46_33_pred.png,4625
pred_masks\46_34_pred.png,4626
pred_masks\46_35_pred.png,4627
pred_masks\46_36_pred.png,4628
pred_masks\46_37_pred.png,4629
pred_masks\46_38_pred.png,4630
pred_masks\46_39_pred.png,4631
pred_masks\46_3_pred.png,4632
pred_masks\46_40_pred.png,4633
pred_masks\46_41_pred.png,4634
pred_masks\46_42_pred.png,4635
pred_masks\46_43_pred.png,4636
pred_masks\46_44_pred.png,4637
pred_masks\46_45_pred.png,4638
pred_masks\46_46_pred.png,4639
pred_masks\46_47_pred.png,4640
pred_masks\46_48_pred.png,4641
pred_masks\46_49_pred.png,4642
pred_masks\46_4_pred.png,4643
pred_masks\46_50_pred.png,4644
pred_masks\46_51_pred.png,4645
pred_masks\46_52_pred.png,4646
pred_masks\46_53_pred.png,4647
pred_masks\46_54_pred.png,4648
pred_masks\46_55_pred.png,4649
pred_masks\46_56_pred.png,4650
pred_masks\46_57_pred.png,4651
pred_masks\46_58_pred.png,4652
pred_masks\46_59_pred.png,4653
pred_masks\46_5_pred.png,4654
pred_masks\46_60_pred.png,4655
pred_masks\46_61_pred.png,4656
pred_masks\46_62_pred.png,4657
pred_masks\46_63_pred.png,4658
pred_masks\46_64_pred.png,4659
pred_masks\46_65_pred.png,4660
pred_masks\46_66_pred.png,4661
pred_masks\46_67_pred.png,4662
pred_masks\46_68_pred.png,4663
pred_masks\46_69_pred.png,4664
pred_masks\46_6_pred.png,4665
pred_masks\46_70_pred.png,4666
pred_masks\46_71_pred.png,4667
pred_masks\46_72_pred.png,4668
pred_masks\46_73_pred.png,4669
pred_masks\46_74_pred.png,4670
pred_masks\46_75_pred.png,4671
pred_masks\46_76_pred.png,4672
pred_masks\46_77_pred.png,4673
pred_masks\46_78_pred.png,4674
pred_masks\46_79_pred.png,4675
pred_masks\46_7_pred.png,4676
pred_masks\46_80_pred.png,4677
pred_masks\46_81_pred.png,4678
pred_masks\46_82_pred.png,4679
pred_masks\46_83_pred.png,4680
pred_masks\46_84_pred.png,4681
pred_masks\46_85_pred.png,4682
pred_masks\46_86_pred.png,4683
pred_masks\46_87_pred.png,4684
pred_masks\46_88_pred.png,4685
pred_masks\46_89_pred.png,4686
pred_masks\46_8_pred.png,4687
pred_masks\46_90_pred.png,4688
pred_masks\46_91_pred.png,4689
pred_masks\46_92_pred.png,4690
pred_masks\46_93_pred.png,4691
pred_masks\46_94_pred.png,4692
pred_masks\46_95_pred.png,4693
pred_masks\46_96_pred.png,4694
pred_masks\46_97_pred.png,4695
pred_masks\46_98_pred.png,4696
pred_masks\46_99_pred.png,4697
pred_masks\46_9_pred.png,4698
pred_masks\46_pred.png,4699
pred_masks\47_10_pred.png,4700
pred_masks\47_11_pred.png,4701
pred_masks\47_12_pred.png,4702
pred_masks\47_13_pred.png,4703
pred_masks\47_14_pred.png,4704
pred_masks\47_15_pred.png,4705
pred_masks\47_16_pred.png,4706
pred_masks\47_17_pred.png,4707
pred_masks\47_18_pred.png,4708
pred_masks\47_19_pred.png,4709
pred_masks\47_1_pred.png,4710
pred_masks\47_20_pred.png,4711
pred_masks\47_21_pred.png,4712
pred_masks\47_22_pred.png,4713
pred_masks\47_23_pred.png,4714
pred_masks\47_24_pred.png,4715
pred_masks\47_25_pred.png,4716
pred_masks\47_26_pred.png,4717
pred_masks\47_27_pred.png,4718
pred_masks\47_28_pred.png,4719
pred_masks\47_29_pred.png,4720
pred_masks\47_2_pred.png,4721
pred_masks\47_30_pred.png,4722
pred_masks\47_31_pred.png,4723
pred_masks\47_32_pred.png,4724
pred_masks\47_33_pred.png,4725
pred_masks\47_34_pred.png,4726
pred_masks\47_35_pred.png,4727
pred_masks\47_36_pred.png,4728
pred_masks\47_37_pred.png,4729
pred_masks\47_38_pred.png,4730
pred_masks\47_39_pred.png,4731
pred_masks\47_3_pred.png,4732
pred_masks\47_40_pred.png,4733
pred_masks\47_41_pred.png,4734
pred_masks\47_42_pred.png,4735
pred_masks\47_43_pred.png,4736
pred_masks\47_44_pred.png,4737
pred_masks\47_45_pred.png,4738
pred_masks\47_46_pred.png,4739
pred_masks\47_47_pred.png,4740
pred_masks\47_48_pred.png,4741
pred_masks\47_49_pred.png,4742
pred_masks\47_4_pred.png,4743
pred_masks\47_50_pred.png,4744
pred_masks\47_51_pred.png,4745
pred_masks\47_52_pred.png,4746
pred_masks\47_53_pred.png,4747
pred_masks\47_54_pred.png,4748
pred_masks\47_55_pred.png,4749
pred_masks\47_56_pred.png,4750
pred_masks\47_57_pred.png,4751
pred_masks\47_58_pred.png,4752
pred_masks\47_59_pred.png,4753
pred_masks\47_5_pred.png,4754
pred_masks\47_60_pred.png,4755
pred_masks\47_61_pred.png,4756
pred_masks\47_62_pred.png,4757
pred_masks\47_63_pred.png,4758
pred_masks\47_64_pred.png,4759
pred_masks\47_65_pred.png,4760
pred_masks\47_66_pred.png,4761
pred_masks\47_67_pred.png,4762
pred_masks\47_68_pred.png,4763
pred_masks\47_69_pred.png,4764
pred_masks\47_6_pred.png,4765
pred_masks\47_70_pred.png,4766
pred_masks\47_71_pred.png,4767
pred_masks\47_72_pred.png,4768
pred_masks\47_73_pred.png,4769
pred_masks\47_74_pred.png,4770
pred_masks\47_75_pred.png,4771
pred_masks\47_76_pred.png,4772
pred_masks\47_77_pred.png,4773
pred_masks\47_78_pred.png,4774
pred_masks\47_79_pred.png,4775
pred_masks\47_7_pred.png,4776
pred_masks\47_80_pred.png,4777
pred_masks\47_81_pred.png,4778
pred_masks\47_82_pred.png,4779
pred_masks\47_83_pred.png,4780
pred_masks\47_84_pred.png,4781
pred_masks\47_85_pred.png,4782
pred_masks\47_86_pred.png,4783
pred_masks\47_87_pred.png,4784
pred_masks\47_88_pred.png,4785
pred_masks\47_89_pred.png,4786
pred_masks\47_8_pred.png,4787
pred_masks\47_90_pred.png,4788
pred_masks\47_91_pred.png,4789
pred_masks\47_92_pred.png,4790
pred_masks\47_93_pred.png,4791
pred_masks\47_94_pred.png,4792
pred_masks\47_95_pred.png,4793
pred_masks\47_96_pred.png,4794
pred_masks\47_97_pred.png,4795
pred_masks\47_98_pred.png,4796
pred_masks\47_99_pred.png,4797
pred_masks\47_9_pred.png,4798
pred_masks\47_pred.png,4799
pred_masks\48_10_pred.png,4800
pred_masks\48_11_pred.png,4801
pred_masks\48_12_pred.png,4802
pred_masks\48_13_pred.png,4803
pred_masks\48_14_pred.png,4804
pred_masks\48_15_pred.png,4805
pred_masks\48_16_pred.png,4806
pred_masks\48_17_pred.png,4807
pred_masks\48_18_pred.png,4808
pred_masks\48_19_pred.png,4809
pred_masks\48_1_pred.png,4810
pred_masks\48_20_pred.png,4811
pred_masks\48_21_pred.png,4812
pred_masks\48_22_pred.png,4813
pred_masks\48_23_pred.png,4814
pred_masks\48_24_pred.png,4815
pred_masks\48_25_pred.png,4816
pred_masks\48_26_pred.png,4817
pred_masks\48_27_pred.png,4818
pred_masks\48_28_pred.png,4819
pred_masks\48_29_pred.png,4820
pred_masks\48_2_pred.png,4821
pred_masks\48_30_pred.png,4822
pred_masks\48_31_pred.png,4823
pred_masks\48_32_pred.png,4824
pred_masks\48_33_pred.png,4825
pred_masks\48_34_pred.png,4826
pred_masks\48_35_pred.png,4827
pred_masks\48_36_pred.png,4828
pred_masks\48_37_pred.png,4829
pred_masks\48_38_pred.png,4830
pred_masks\48_39_pred.png,4831
pred_masks\48_3_pred.png,4832
pred_masks\48_40_pred.png,4833
pred_masks\48_41_pred.png,4834
pred_masks\48_42_pred.png,4835
pred_masks\48_43_pred.png,4836
pred_masks\48_44_pred.png,4837
pred_masks\48_45_pred.png,4838
pred_masks\48_46_pred.png,4839
pred_masks\48_47_pred.png,4840
pred_masks\48_48_pred.png,4841
pred_masks\48_49_pred.png,4842
pred_masks\48_4_pred.png,4843
pred_masks\48_50_pred.png,4844
pred_masks\48_51_pred.png,4845
pred_masks\48_52_pred.png,4846
pred_masks\48_53_pred.png,4847
pred_masks\48_54_pred.png,4848
pred_masks\48_55_pred.png,4849
pred_masks\48_56_pred.png,4850
pred_masks\48_57_pred.png,4851
pred_masks\48_58_pred.png,4852
pred_masks\48_59_pred.png,4853
pred_masks\48_5_pred.png,4854
pred_masks\48_60_pred.png,4855
pred_masks\48_61_pred.png,4856
pred_masks\48_62_pred.png,4857
pred_masks\48_63_pred.png,4858
pred_masks\48_64_pred.png,4859
pred_masks\48_65_pred.png,4860
pred_masks\48_66_pred.png,4861
pred_masks\48_67_pred.png,4862
pred_masks\48_68_pred.png,4863
pred_masks\48_69_pred.png,4864
pred_masks\48_6_pred.png,4865
pred_masks\48_70_pred.png,4866
pred_masks\48_71_pred.png,4867
pred_masks\48_72_pred.png,4868
pred_masks\48_73_pred.png,4869
pred_masks\48_74_pred.png,4870
pred_masks\48_75_pred.png,4871
pred_masks\48_76_pred.png,4872
pred_masks\48_77_pred.png,4873
pred_masks\48_78_pred.png,4874
pred_masks\48_79_pred.png,4875
pred_masks\48_7_pred.png,4876
pred_masks\48_80_pred.png,4877
pred_masks\48_81_pred.png,4878
pred_masks\48_82_pred.png,4879
pred_masks\48_83_pred.png,4880
pred_masks\48_84_pred.png,4881
pred_masks\48_85_pred.png,4882
pred_masks\48_86_pred.png,4883
pred_masks\48_87_pred.png,4884
pred_masks\48_88_pred.png,4885
pred_masks\48_89_pred.png,4886
pred_masks\48_8_pred.png,4887
pred_masks\48_90_pred.png,4888
pred_masks\48_91_pred.png,4889
pred_masks\48_92_pred.png,4890
pred_masks\48_93_pred.png,4891
pred_masks\48_94_pred.png,4892
pred_masks\48_95_pred.png,4893
pred_masks\48_96_pred.png,4894
pred_masks\48_97_pred.png,4895
pred_masks\48_98_pred.png,4896
pred_masks\48_99_pred.png,4897
pred_masks\48_9_pred.png,4898
pred_masks\48_pred.png,4899
pred_masks\49_10_pred.png,4900
pred_masks\49_11_pred.png,4901
pred_masks\49_12_pred.png,4902
pred_masks\49_13_pred.png,4903
pred_masks\49_14_pred.png,4904
pred_masks\49_15_pred.png,4905
pred_masks\49_16_pred.png,4906
pred_masks\49_17_pred.png,4907
pred_masks\49_18_pred.png,4908
pred_masks\49_19_pred.png,4909
pred_masks\49_1_pred.png,4910
pred_masks\49_20_pred.png,4911
pred_masks\49_21_pred.png,4912
pred_masks\49_22_pred.png,4913
pred_masks\49_23_pred.png,4914
pred_masks\49_24_pred.png,4915
pred_masks\49_25_pred.png,4916
pred_masks\49_26_pred.png,4917
pred_masks\49_27_pred.png,4918
pred_masks\49_28_pred.png,4919
pred_masks\49_29_pred.png,4920
pred_masks\49_2_pred.png,4921
pred_masks\49_30_pred.png,4922
pred_masks\49_31_pred.png,4923
pred_masks\49_32_pred.png,4924
pred_masks\49_33_pred.png,4925
pred_masks\49_34_pred.png,4926
pred_masks\49_35_pred.png,4927
pred_masks\49_36_pred.png,4928
pred_masks\49_37_pred.png,4929
pred_masks\49_38_pred.png,4930
pred_masks\49_39_pred.png,4931
pred_masks\49_3_pred.png,4932
pred_masks\49_40_pred.png,4933
pred_masks\49_41_pred.png,4934
pred_masks\49_42_pred.png,4935
pred_masks\49_43_pred.png,4936
pred_masks\49_44_pred.png,4937
pred_masks\49_45_pred.png,4938
pred_masks\49_46_pred.png,4939
pred_masks\49_47_pred.png,4940
pred_masks\49_48_pred.png,4941
pred_masks\49_49_pred.png,4942
pred_masks\49_4_pred.png,4943
pred_masks\49_50_pred.png,4944
pred_masks\49_51_pred.png,4945
pred_masks\49_52_pred.png,4946
pred_masks\49_53_pred.png,4947
pred_masks\49_54_pred.png,4948
pred_masks\49_55_pred.png,4949
pred_masks\49_56_pred.png,4950
pred_masks\49_57_pred.png,4951
pred_masks\49_58_pred.png,4952
pred_masks\49_59_pred.png,4953
pred_masks\49_5_pred.png,4954
pred_masks\49_60_pred.png,4955
pred_masks\49_61_pred.png,4956
pred_masks\49_62_pred.png,4957
pred_masks\49_63_pred.png,4958
pred_masks\49_64_pred.png,4959
pred_masks\49_65_pred.png,4960
pred_masks\49_66_pred.png,4961
pred_masks\49_67_pred.png,4962
pred_masks\49_68_pred.png,4963
pred_masks\49_69_pred.png,4964
pred_masks\49_6_pred.png,4965
pred_masks\49_70_pred.png,4966
pred_masks\49_71_pred.png,4967
pred_masks\49_72_pred.png,4968
pred_masks\49_73_pred.png,4969
pred_masks\49_74_pred.png,4970
pred_masks\49_75_pred.png,4971
pred_masks\49_76_pred.png,4972
pred_masks\49_77_pred.png,4973
pred_masks\49_78_pred.png,4974
pred_masks\49_79_pred.png,4975
pred_masks\49_7_pred.png,4976
pred_masks\49_80_pred.png,4977
pred_masks\49_81_pred.png,4978
pred_masks\49_82_pred.png,4979
pred_masks\49_83_pred.png,4980
pred_masks\49_84_pred.png,4981
pred_masks\49_85_pred.png,4982
pred_masks\49_86_pred.png,4983
pred_masks\49_87_pred.png,4984
pred_masks\49_88_pred.png,4985
pred_masks\49_89_pred.png,4986
pred_masks\49_8_pred.png,4987
pred_masks\49_90_pred.png,4988
pred_masks\49_91_pred.png,4989
pred_masks\49_92_pred.png,4990
pred_masks\49_93_pred.png,4991
pred_masks\49_94_pred.png,4992
pred_masks\49_95_pred.png,4993
pred_masks\49_96_pred.png,4994
pred_masks\49_97_pred.png,4995
pred_masks\49_98_pred.png,4996
pred_masks\49_99_pred.png,4997
pred_masks\49_9_pred.png,4998
pred_masks\49_pred.png,4999
pred_masks\4_100_pred.png,5000
pred_masks\4_101_pred.png,5001
pred_masks\4_102_pred.png,5002
pred_masks\4_103_pred.png,5003
pred_masks\4_104_pred.png,5004
pred_masks\4_105_pred.png,5005
pred_masks\4_106_pred.png,5006
pred_masks\4_107_pred.png,5007
pred_masks\4_108_pred.png,5008
pred_masks\4_109_pred.png,5009
pred_masks\4_10_pred.png,5010
pred_masks\4_110_pred.png,5011
pred_masks\4_111_pred.png,5012
pred_masks\4_112_pred.png,5013
pred_masks\4_113_pred.png,5014
pred_masks\4_114_pred.png,5015
pred_masks\4_115_pred.png,5016
pred_masks\4_116_pred.png,5017
pred_masks\4_117_pred.png,5018
pred_masks\4_118_pred.png,5019
pred_masks\4_119_pred.png,5020
pred_masks\4_11_pred.png,5021
pred_masks\4_120_pred.png,5022
pred_masks\4_121_pred.png,5023
pred_masks\4_122_pred.png,5024
pred_masks\4_123_pred.png,5025
pred_masks\4_124_pred.png,5026
pred_masks\4_125_pred.png,5027
pred_masks\4_126_pred.png,5028
pred_masks\4_127_pred.png,5029
pred_masks\4_128_pred.png,5030
pred_masks\4_129_pred.png,5031
pred_masks\4_12_pred.png,5032
pred_masks\4_130_pred.png,5033
pred_masks\4_131_pred.png,5034
pred_masks\4_132_pred.png,5035
pred_masks\4_133_pred.png,5036
pred_masks\4_134_pred.png,5037
pred_masks\4_135_pred.png,5038
pred_masks\4_136_pred.png,5039
pred_masks\4_137_pred.png,5040
pred_masks\4_138_pred.png,5041
pred_masks\4_139_pred.png,5042
pred_masks\4_13_pred.png,5043
pred_masks\4_140_pred.png,5044
pred_masks\4_141_pred.png,5045
pred_masks\4_142_pred.png,5046
pred_masks\4_143_pred.png,5047
pred_masks\4_144_pred.png,5048
pred_masks\4_145_pred.png,5049
pred_masks\4_146_pred.png,5050
pred_masks\4_147_pred.png,5051
pred_masks\4_148_pred.png,5052
pred_masks\4_149_pred.png,5053
pred_masks\4_14_pred.png,5054
pred_masks\4_150_pred.png,5055
pred_masks\4_151_pred.png,5056
pred_masks\4_152_pred.png,5057
pred_masks\4_153_pred.png,5058
pred_masks\4_154_pred.png,5059
pred_masks\4_155_pred.png,5060
pred_masks\4_156_pred.png,5061
pred_masks\4_157_pred.png,5062
pred_masks\4_158_pred.png,5063
pred_masks\4_159_pred.png,5064
pred_masks\4_15_pred.png,5065
pred_masks\4_160_pred.png,5066
pred_masks\4_161_pred.png,5067
pred_masks\4_162_pred.png,5068
pred_masks\4_163_pred.png,5069
pred_masks\4_164_pred.png,5070
pred_masks\4_165_pred.png,5071
pred_masks\4_166_pred.png,5072
pred_masks\4_167_pred.png,5073
pred_masks\4_168_pred.png,5074
pred_masks\4_169_pred.png,5075
pred_masks\4_16_pred.png,5076
pred_masks\4_170_pred.png,5077
pred_masks\4_171_pred.png,5078
pred_masks\4_172_pred.png,5079
pred_masks\4_173_pred.png,5080
pred_masks\4_174_pred.png,5081
pred_masks\4_175_pred.png,5082
pred_masks\4_176_pred.png,5083
pred_masks\4_177_pred.png,5084
pred_masks\4_178_pred.png,5085
pred_masks\4_179_pred.png,5086
pred_masks\4_17_pred.png,5087
pred_masks\4_180_pred.png,5088
pred_masks\4_181_pred.png,5089
pred_masks\4_182_pred.png,5090
pred_masks\4_183_pred.png,5091
pred_masks\4_184_pred.png,5092
pred_masks\4_185_pred.png,5093
pred_masks\4_186_pred.png,5094
pred_masks\4_187_pred.png,5095
pred_masks\4_188_pred.png,5096
pred_masks\4_189_pred.png,5097
pred_masks\4_18_pred.png,5098
pred_masks\4_190_pred.png,5099
pred_masks\4_191_pred.png,5100
pred_masks\4_192_pred.png,5101
pred_masks\4_193_pred.png,5102
pred_masks\4_194_pred.png,5103
pred_masks\4_195_pred.png,5104
pred_masks\4_196_pred.png,5105
pred_masks\4_197_pred.png,5106
pred_masks\4_198_pred.png,5107
pred_masks\4_199_pred.png,5108
pred_masks\4_19_pred.png,5109
pred_masks\4_1_pred.png,5110
pred_masks\4_20_pred.png,5111
pred_masks\4_21_pred.png,5112
pred_masks\4_22_pred.png,5113
pred_masks\4_23_pred.png,5114
pred_masks\4_24_pred.png,5115
pred_masks\4_25_pred.png,5116
pred_masks\4_26_pred.png,5117
pred_masks\4_27_pred.png,5118
pred_masks\4_28_pred.png,5119
pred_masks\4_29_pred.png,5120
pred_masks\4_2_pred.png,5121
pred_masks\4_30_pred.png,5122
pred_masks\4_31_pred.png,5123
pred_masks\4_32_pred.png,5124
pred_masks\4_33_pred.png,5125
pred_masks\4_34_pred.png,5126
pred_masks\4_35_pred.png,5127
pred_masks\4_36_pred.png,5128
pred_masks\4_37_pred.png,5129
pred_masks\4_38_pred.png,5130
pred_masks\4_39_pred.png,5131
pred_masks\4_3_pred.png,5132
pred_masks\4_40_pred.png,5133
pred_masks\4_41_pred.png,5134
pred_masks\4_42_pred.png,5135
pred_masks\4_43_pred.png,5136
pred_masks\4_44_pred.png,5137
pred_masks\4_45_pred.png,5138
pred_masks\4_46_pred.png,5139
pred_masks\4_47_pred.png,5140
pred_masks\4_48_pred.png,5141
pred_masks\4_49_pred.png,5142
pred_masks\4_4_pred.png,5143
pred_masks\4_50_pred.png,5144
pred_masks\4_51_pred.png,5145
pred_masks\4_52_pred.png,5146
pred_masks\4_53_pred.png,5147
pred_masks\4_54_pred.png,5148
pred_masks\4_55_pred.png,5149
pred_masks\4_56_pred.png,5150
pred_masks\4_57_pred.png,5151
pred_masks\4_58_pred.png,5152
pred_masks\4_59_pred.png,5153
pred_masks\4_5_pred.png,5154
pred_masks\4_60_pred.png,5155
pred_masks\4_61_pred.png,5156
pred_masks\4_62_pred.png,5157
pred_masks\4_63_pred.png,5158
pred_masks\4_64_pred.png,5159
pred_masks\4_65_pred.png,5160
pred_masks\4_66_pred.png,5161
pred_masks\4_67_pred.png,5162
pred_masks\4_68_pred.png,5163
pred_masks\4_69_pred.png,5164
pred_masks\4_6_pred.png,5165
pred_masks\4_70_pred.png,5166
pred_masks\4_71_pred.png,5167
pred_masks\4_72_pred.png,5168
pred_masks\4_73_pred.png,5169
pred_masks\4_74_pred.png,5170
pred_masks\4_75_pred.png,5171
pred_masks\4_76_pred.png,5172
pred_masks\4_77_pred.png,5173
pred_masks\4_78_pred.png,5174
pred_masks\4_79_pred.png,5175
pred_masks\4_7_pred.png,5176
pred_masks\4_80_pred.png,5177
pred_masks\4_81_pred.png,5178
pred_masks\4_82_pred.png,5179
pred_masks\4_83_pred.png,5180
pred_masks\4_84_pred.png,5181
pred_masks\4_85_pred.png,5182
pred_masks\4_86_pred.png,5183
pred_masks\4_87_pred.png,5184
pred_masks\4_88_pred.png,5185
pred_masks\4_89_pred.png,5186
pred_masks\4_8_pred.png,5187
pred_masks\4_90_pred.png,5188
pred_masks\4_91_pred.png,5189
pred_masks\4_92_pred.png,5190
pred_masks\4_93_pred.png,5191
pred_masks\4_94_pred.png,5192
pred_masks\4_95_pred.png,5193
pred_masks\4_96_pred.png,5194
pred_masks\4_97_pred.png,5195
pred_masks\4_98_pred.png,5196
pred_masks\4_99_pred.png,5197
pred_masks\4_9_pred.png,5198
pred_masks\4_pred.png,5199
pred_masks\50_10_pred.png,5200
pred_masks\50_11_pred.png,5201
pred_masks\50_12_pred.png,5202
pred_masks\50_13_pred.png,5203
pred_masks\50_14_pred.png,5204
pred_masks\50_15_pred.png,5205
pred_masks\50_16_pred.png,5206
pred_masks\50_17_pred.png,5207
pred_masks\50_18_pred.png,5208
pred_masks\50_19_pred.png,5209
pred_masks\50_1_pred.png,5210
pred_masks\50_20_pred.png,5211
pred_masks\50_21_pred.png,5212
pred_masks\50_22_pred.png,5213
pred_masks\50_23_pred.png,5214
pred_masks\50_24_pred.png,5215
pred_masks\50_25_pred.png,5216
pred_masks\50_26_pred.png,5217
pred_masks\50_27_pred.png,5218
pred_masks\50_28_pred.png,5219
pred_masks\50_29_pred.png,5220
pred_masks\50_2_pred.png,5221
pred_masks\50_30_pred.png,5222
pred_masks\50_31_pred.png,5223
pred_masks\50_32_pred.png,5224
pred_masks\50_33_pred.png,5225
pred_masks\50_34_pred.png,5226
pred_masks\50_35_pred.png,5227
pred_masks\50_36_pred.png,5228
pred_masks\50_37_pred.png,5229
pred_masks\50_38_pred.png,5230
pred_masks\50_39_pred.png,5231
pred_masks\50_3_pred.png,5232
pred_masks\50_40_pred.png,5233
pred_masks\50_41_pred.png,5234
pred_masks\50_42_pred.png,5235
pred_masks\50_43_pred.png,5236
pred_masks\50_44_pred.png,5237
pred_masks\50_45_pred.png,5238
pred_masks\50_46_pred.png,5239
pred_masks\50_47_pred.png,5240
pred_masks\50_48_pred.png,5241
pred_masks\50_49_pred.png,5242
pred_masks\50_4_pred.png,5243
pred_masks\50_50_pred.png,5244
pred_masks\50_51_pred.png,5245
pred_masks\50_52_pred.png,5246
pred_masks\50_53_pred.png,5247
pred_masks\50_54_pred.png,5248
pred_masks\50_55_pred.png,5249
pred_masks\50_56_pred.png,5250
pred_masks\50_57_pred.png,5251
pred_masks\50_58_pred.png,5252
pred_masks\50_59_pred.png,5253
pred_masks\50_5_pred.png,5254
pred_masks\50_60_pred.png,5255
pred_masks\50_61_pred.png,5256
pred_masks\50_62_pred.png,5257
pred_masks\50_63_pred.png,5258
pred_masks\50_64_pred.png,5259
pred_masks\50_65_pred.png,5260
pred_masks\50_66_pred.png,5261
pred_masks\50_67_pred.png,5262
pred_masks\50_68_pred.png,5263
pred_masks\50_69_pred.png,5264
pred_masks\50_6_pred.png,5265
pred_masks\50_70_pred.png,5266
pred_masks\50_71_pred.png,5267
pred_masks\50_72_pred.png,5268
pred_masks\50_73_pred.png,5269
pred_masks\50_74_pred.png,5270
pred_masks\50_75_pred.png,5271
pred_masks\50_76_pred.png,5272
pred_masks\50_77_pred.png,5273
pred_masks\50_78_pred.png,5274
pred_masks\50_79_pred.png,5275
pred_masks\50_7_pred.png,5276
pred_masks\50_80_pred.png,5277
pred_masks\50_81_pred.png,5278
pred_masks\50_82_pred.png,5279
pred_masks\50_83_pred.png,5280
pred_masks\50_84_pred.png,5281
pred_masks\50_85_pred.png,5282
pred_masks\50_86_pred.png,5283
pred_masks\50_87_pred.png,5284
pred_masks\50_88_pred.png,5285
pred_masks\50_89_pred.png,5286
pred_masks\50_8_pred.png,5287
pred_masks\50_90_pred.png,5288
pred_masks\50_91_pred.png,5289
pred_masks\50_92_pred.png,5290
pred_masks\50_93_pred.png,5291
pred_masks\50_94_pred.png,5292
pred_masks\50_95_pred.png,5293
pred_masks\50_96_pred.png,5294
pred_masks\50_97_pred.png,5295
pred_masks\50_98_pred.png,5296
pred_masks\50_99_pred.png,5297
pred_masks\50_9_pred.png,5298
pred_masks\50_pred.png,5299
pred_masks\5_100_pred.png,5300
pred_masks\5_101_pred.png,5301
pred_masks\5_102_pred.png,5302
pred_masks\5_103_pred.png,5303
pred_masks\5_104_pred.png,5304
pred_masks\5_105_pred.png,5305
pred_masks\5_106_pred.png,5306
pred_masks\5_107_pred.png,5307
pred_masks\5_108_pred.png,5308
pred_masks\5_109_pred.png,5309
pred_masks\5_10_pred.png,5310
pred_masks\5_110_pred.png,5311
pred_masks\5_111_pred.png,5312
pred_masks\5_112_pred.png,5313
pred_masks\5_113_pred.png,5314
pred_masks\5_114_pred.png,5315
pred_masks\5_115_pred.png,5316
pred_masks\5_116_pred.png,5317
pred_masks\5_117_pred.png,5318
pred_masks\5_118_pred.png,5319
pred_masks\5_119_pred.png,5320
pred_masks\5_11_pred.png,5321
pred_masks\5_120_pred.png,5322
pred_masks\5_121_pred.png,5323
pred_masks\5_122_pred.png,5324
pred_masks\5_123_pred.png,5325
pred_masks\5_124_pred.png,5326
pred_masks\5_125_pred.png,5327
pred_masks\5_126_pred.png,5328
pred_masks\5_127_pred.png,5329
pred_masks\5_128_pred.png,5330
pred_masks\5_129_pred.png,5331
pred_masks\5_12_pred.png,5332
pred_masks\5_130_pred.png,5333
pred_masks\5_131_pred.png,5334
pred_masks\5_132_pred.png,5335
pred_masks\5_133_pred.png,5336
pred_masks\5_134_pred.png,5337
pred_masks\5_135_pred.png,5338
pred_masks\5_136_pred.png,5339
pred_masks\5_137_pred.png,5340
pred_masks\5_138_pred.png,5341
pred_masks\5_139_pred.png,5342
pred_masks\5_13_pred.png,5343
pred_masks\5_140_pred.png,5344
pred_masks\5_141_pred.png,5345
pred_masks\5_142_pred.png,5346
pred_masks\5_143_pred.png,5347
pred_masks\5_144_pred.png,5348
pred_masks\5_145_pred.png,5349
pred_masks\5_146_pred.png,5350
pred_masks\5_147_pred.png,5351
pred_masks\5_148_pred.png,5352
pred_masks\5_149_pred.png,5353
pred_masks\5_14_pred.png,5354
pred_masks\5_150_pred.png,5355
pred_masks\5_151_pred.png,5356
pred_masks\5_152_pred.png,5357
pred_masks\5_153_pred.png,5358
pred_masks\5_154_pred.png,5359
pred_masks\5_155_pred.png,5360
pred_masks\5_156_pred.png,5361
pred_masks\5_157_pred.png,5362
pred_masks\5_158_pred.png,5363
pred_masks\5_159_pred.png,5364
pred_masks\5_15_pred.png,5365
pred_masks\5_160_pred.png,5366
pred_masks\5_161_pred.png,5367
pred_masks\5_162_pred.png,5368
pred_masks\5_163_pred.png,5369
pred_masks\5_164_pred.png,5370
pred_masks\5_165_pred.png,5371
pred_masks\5_166_pred.png,5372
pred_masks\5_167_pred.png,5373
pred_masks\5_168_pred.png,5374
pred_masks\5_169_pred.png,5375
pred_masks\5_16_pred.png,5376
pred_masks\5_170_pred.png,5377
pred_masks\5_171_pred.png,5378
pred_masks\5_172_pred.png,5379
pred_masks\5_173_pred.png,5380
pred_masks\5_174_pred.png,5381
pred_masks\5_175_pred.png,5382
pred_masks\5_176_pred.png,5383
pred_masks\5_177_pred.png,5384
pred_masks\5_178_pred.png,5385
pred_masks\5_179_pred.png,5386
pred_masks\5_17_pred.png,5387
pred_masks\5_180_pred.png,5388
pred_masks\5_181_pred.png,5389
pred_masks\5_182_pred.png,5390
pred_masks\5_183_pred.png,5391
pred_masks\5_184_pred.png,5392
pred_masks\5_185_pred.png,5393
pred_masks\5_186_pred.png,5394
pred_masks\5_187_pred.png,5395
pred_masks\5_188_pred.png,5396
pred_masks\5_189_pred.png,5397
pred_masks\5_18_pred.png,5398
pred_masks\5_190_pred.png,5399
pred_masks\5_191_pred.png,5400
pred_masks\5_192_pred.png,5401
pred_masks\5_193_pred.png,5402
pred_masks\5_194_pred.png,5403
pred_masks\5_195_pred.png,5404
pred_masks\5_196_pred.png,5405
pred_masks\5_197_pred.png,5406
pred_masks\5_198_pred.png,5407
pred_masks\5_199_pred.png,5408
pred_masks\5_19_pred.png,5409
pred_masks\5_1_pred.png,5410
pred_masks\5_20_pred.png,5411
pred_masks\5_21_pred.png,5412
pred_masks\5_22_pred.png,5413
pred_masks\5_23_pred.png,5414
pred_masks\5_24_pred.png,5415
pred_masks\5_25_pred.png,5416
pred_masks\5_26_pred.png,5417
pred_masks\5_27_pred.png,5418
pred_masks\5_28_pred.png,5419
pred_masks\5_29_pred.png,5420
pred_masks\5_2_pred.png,5421
pred_masks\5_30_pred.png,5422
pred_masks\5_31_pred.png,5423
pred_masks\5_32_pred.png,5424
pred_masks\5_33_pred.png,5425
pred_masks\5_34_pred.png,5426
pred_masks\5_35_pred.png,5427
pred_masks\5_36_pred.png,5428
pred_masks\5_37_pred.png,5429
pred_masks\5_38_pred.png,5430
pred_masks\5_39_pred.png,5431
pred_masks\5_3_pred.png,5432
pred_masks\5_40_pred.png,5433
pred_masks\5_41_pred.png,5434
pred_masks\5_42_pred.png,5435
pred_masks\5_43_pred.png,5436
pred_masks\5_44_pred.png,5437
pred_masks\5_45_pred.png,5438
pred_masks\5_46_pred.png,5439
pred_masks\5_47_pred.png,5440
pred_masks\5_48_pred.png,5441
pred_masks\5_49_pred.png,5442
pred_masks\5_4_pred.png,5443
pred_masks\5_50_pred.png,5444
pred_masks\5_51_pred.png,5445
pred_masks\5_52_pred.png,5446
pred_masks\5_53_pred.png,5447
pred_masks\5_54_pred.png,5448
pred_masks\5_55_pred.png,5449
pred_masks\5_56_pred.png,5450
pred_masks\5_57_pred.png,5451
pred_masks\5_58_pred.png,5452
pred_masks\5_59_pred.png,5453
pred_masks\5_5_pred.png,5454
pred_masks\5_60_pred.png,5455
pred_masks\5_61_pred.png,5456
pred_masks\5_62_pred.png,5457
pred_masks\5_63_pred.png,5458
pred_masks\5_64_pred.png,5459
pred_masks\5_65_pred.png,5460
pred_masks\5_66_pred.png,5461
pred_masks\5_67_pred.png,5462
pred_masks\5_68_pred.png,5463
pred_masks\5_69_pred.png,5464
pred_masks\5_6_pred.png,5465
pred_masks\5_70_pred.png,5466
pred_masks\5_71_pred.png,5467
pred_masks\5_72_pred.png,5468
pred_masks\5_73_pred.png,5469
pred_masks\5_74_pred.png,5470
pred_masks\5_75_pred.png,5471
pred_masks\5_76_pred.png,5472
pred_masks\5_77_pred.png,5473
pred_masks\5_78_pred.png,5474
pred_masks\5_79_pred.png,5475
pred_masks\5_7_pred.png,5476
pred_masks\5_80_pred.png,5477
pred_masks\5_81_pred.png,5478
pred_masks\5_82_pred.png,5479
pred_masks\5_83_pred.png,5480
pred_masks\5_84_pred.png,5481
pred_masks\5_85_pred.png,5482
pred_masks\5_86_pred.png,5483
pred_masks\5_87_pred.png,5484
pred_masks\5_88_pred.png,5485
pred_masks\5_89_pred.png,5486
pred_masks\5_8_pred.png,5487
pred_masks\5_90_pred.png,5488
pred_masks\5_91_pred.png,5489
pred_masks\5_92_pred.png,5490
pred_masks\5_93_pred.png,5491
pred_masks\5_94_pred.png,5492
pred_masks\5_95_pred.png,5493
pred_masks\5_96_pred.png,5494
pred_masks\5_97_pred.png,5495
pred_masks\5_98_pred.png,5496
pred_masks\5_99_pred.png,5497
pred_masks\5_9_pred.png,5498
pred_masks\5_pred.png,5499
pred_masks\6_100_pred.png,5500
pred_masks\6_101_pred.png,5501
pred_masks\6_102_pred.png,5502
pred_masks\6_103_pred.png,5503
pred_masks\6_104_pred.png,5504
pred_masks\6_105_pred.png,5505
pred_masks\6_106_pred.png,5506
pred_masks\6_107_pred.png,5507
pred_masks\6_108_pred.png,5508
pred_masks\6_109_pred.png,5509
pred_masks\6_10_pred.png,5510
pred_masks\6_110_pred.png,5511
pred_masks\6_111_pred.png,5512
pred_masks\6_112_pred.png,5513
pred_masks\6_113_pred.png,5514
pred_masks\6_114_pred.png,5515
pred_masks\6_115_pred.png,5516
pred_masks\6_116_pred.png,5517
pred_masks\6_117_pred.png,5518
pred_masks\6_118_pred.png,5519
pred_masks\6_119_pred.png,5520
pred_masks\6_11_pred.png,5521
pred_masks\6_120_pred.png,5522
pred_masks\6_121_pred.png,5523
pred_masks\6_122_pred.png,5524
pred_masks\6_123_pred.png,5525
pred_masks\6_124_pred.png,5526
pred_masks\6_125_pred.png,5527
pred_masks\6_126_pred.png,5528
pred_masks\6_127_pred.png,5529
pred_masks\6_128_pred.png,5530
pred_masks\6_129_pred.png,5531
pred_masks\6_12_pred.png,5532
pred_masks\6_130_pred.png,5533
pred_masks\6_131_pred.png,5534
pred_masks\6_132_pred.png,5535
pred_masks\6_133_pred.png,5536
pred_masks\6_134_pred.png,5537
pred_masks\6_135_pred.png,5538
pred_masks\6_136_pred.png,5539
pred_masks\6_137_pred.png,5540
pred_masks\6_138_pred.png,5541
pred_masks\6_139_pred.png,5542
pred_masks\6_13_pred.png,5543
pred_masks\6_140_pred.png,5544
pred_masks\6_141_pred.png,5545
pred_masks\6_142_pred.png,5546
pred_masks\6_143_pred.png,5547
pred_masks\6_144_pred.png,5548
pred_masks\6_145_pred.png,5549
pred_masks\6_146_pred.png,5550
pred_masks\6_147_pred.png,5551
pred_masks\6_148_pred.png,5552
pred_masks\6_149_pred.png,5553
pred_masks\6_14_pred.png,5554
pred_masks\6_150_pred.png,5555
pred_masks\6_151_pred.png,5556
pred_masks\6_152_pred.png,5557
pred_masks\6_153_pred.png,5558
pred_masks\6_154_pred.png,5559
pred_masks\6_155_pred.png,5560
pred_masks\6_156_pred.png,5561
pred_masks\6_157_pred.png,5562
pred_masks\6_158_pred.png,5563
pred_masks\6_159_pred.png,5564
pred_masks\6_15_pred.png,5565
pred_masks\6_160_pred.png,5566
pred_masks\6_161_pred.png,5567
pred_masks\6_162_pred.png,5568
pred_masks\6_163_pred.png,5569
pred_masks\6_164_pred.png,5570
pred_masks\6_165_pred.png,5571
pred_masks\6_166_pred.png,5572
pred_masks\6_167_pred.png,5573
pred_masks\6_168_pred.png,5574
pred_masks\6_169_pred.png,5575
pred_masks\6_16_pred.png,5576
pred_masks\6_170_pred.png,5577
pred_masks\6_171_pred.png,5578
pred_masks\6_172_pred.png,5579
pred_masks\6_173_pred.png,5580
pred_masks\6_174_pred.png,5581
pred_masks\6_175_pred.png,5582
pred_masks\6_176_pred.png,5583
pred_masks\6_177_pred.png,5584
pred_masks\6_178_pred.png,5585
pred_masks\6_179_pred.png,5586
pred_masks\6_17_pred.png,5587
pred_masks\6_180_pred.png,5588
pred_masks\6_181_pred.png,5589
pred_masks\6_182_pred.png,5590
pred_masks\6_183_pred.png,5591
pred_masks\6_184_pred.png,5592
pred_masks\6_185_pred.png,5593
pred_masks\6_186_pred.png,5594
pred_masks\6_187_pred.png,5595
pred_masks\6_188_pred.png,5596
pred_masks\6_189_pred.png,5597
pred_masks\6_18_pred.png,5598
pred_masks\6_190_pred.png,5599
pred_masks\6_191_pred.png,5600
pred_masks\6_192_pred.png,5601
pred_masks\6_193_pred.png,5602
pred_masks\6_194_pred.png,5603
pred_masks\6_195_pred.png,5604
pred_masks\6_196_pred.png,5605
pred_masks\6_197_pred.png,5606
pred_masks\6_198_pred.png,5607
pred_masks\6_199_pred.png,5608
pred_masks\6_19_pred.png,5609
pred_masks\6_1_pred.png,5610
pred_masks\6_20_pred.png,5611
pred_masks\6_21_pred.png,5612
pred_masks\6_22_pred.png,5613
pred_masks\6_23_pred.png,5614
pred_masks\6_24_pred.png,5615
pred_masks\6_25_pred.png,5616
pred_masks\6_26_pred.png,5617
pred_masks\6_27_pred.png,5618
pred_masks\6_28_pred.png,5619
pred_masks\6_29_pred.png,5620
pred_masks\6_2_pred.png,5621
pred_masks\6_30_pred.png,5622
pred_masks\6_31_pred.png,5623
pred_masks\6_32_pred.png,5624
pred_masks\6_33_pred.png,5625
pred_masks\6_34_pred.png,5626
pred_masks\6_35_pred.png,5627
pred_masks\6_36_pred.png,5628
pred_masks\6_37_pred.png,5629
pred_masks\6_38_pred.png,5630
pred_masks\6_39_pred.png,5631
pred_masks\6_3_pred.png,5632
pred_masks\6_40_pred.png,5633
pred_masks\6_41_pred.png,5634
pred_masks\6_42_pred.png,5635
pred_masks\6_43_pred.png,5636
pred_masks\6_44_pred.png,5637
pred_masks\6_45_pred.png,5638
pred_masks\6_46_pred.png,5639
pred_masks\6_47_pred.png,5640
pred_masks\6_48_pred.png,5641
pred_masks\6_49_pred.png,5642
pred_masks\6_4_pred.png,5643
pred_masks\6_50_pred.png,5644
pred_masks\6_51_pred.png,5645
pred_masks\6_52_pred.png,5646
pred_masks\6_53_pred.png,5647
pred_masks\6_54_pred.png,5648
pred_masks\6_55_pred.png,5649
pred_masks\6_56_pred.png,5650
pred_masks\6_57_pred.png,5651
pred_masks\6_58_pred.png,5652
pred_masks\6_59_pred.png,5653
pred_masks\6_5_pred.png,5654
pred_masks\6_60_pred.png,5655
pred_masks\6_61_pred.png,5656
pred_masks\6_62_pred.png,5657
pred_masks\6_63_pred.png,5658
pred_masks\6_64_pred.png,5659
pred_masks\6_65_pred.png,5660
pred_masks\6_66_pred.png,5661
pred_masks\6_67_pred.png,5662
pred_masks\6_68_pred.png,5663
pred_masks\6_69_pred.png,5664
pred_masks\6_6_pred.png,5665
pred_masks\6_70_pred.png,5666
pred_masks\6_71_pred.png,5667
pred_masks\6_72_pred.png,5668
pred_masks\6_73_pred.png,5669
pred_masks\6_74_pred.png,5670
pred_masks\6_75_pred.png,5671
pred_masks\6_76_pred.png,5672
pred_masks\6_77_pred.png,5673
pred_masks\6_78_pred.png,5674
pred_masks\6_79_pred.png,5675
pred_masks\6_7_pred.png,5676
pred_masks\6_80_pred.png,5677
pred_masks\6_81_pred.png,5678
pred_masks\6_82_pred.png,5679
pred_masks\6_83_pred.png,5680
pred_masks\6_84_pred.png,5681
pred_masks\6_85_pred.png,5682
pred_masks\6_86_pred.png,5683
pred_masks\6_87_pred.png,5684
pred_masks\6_88_pred.png,5685
pred_masks\6_89_pred.png,5686
pred_masks\6_8_pred.png,5687
pred_masks\6_90_pred.png,5688
pred_masks\6_91_pred.png,5689
pred_masks\6_92_pred.png,5690
pred_masks\6_93_pred.png,5691
pred_masks\6_94_pred.png,5692
pred_masks\6_95_pred.png,5693
pred_masks\6_96_pred.png,5694
pred_masks\6_97_pred.png,5695
pred_masks\6_98_pred.png,5696
pred_masks\6_99_pred.png,5697
pred_masks\6_9_pred.png,5698
pred_masks\6_pred.png,5699
pred_masks\7_100_pred.png,5700
pred_masks\7_101_pred.png,5701
pred_masks\7_102_pred.png,5702
pred_masks\7_103_pred.png,5703
pred_masks\7_104_pred.png,5704
pred_masks\7_105_pred.png,5705
pred_masks\7_106_pred.png,5706
pred_masks\7_107_pred.png,5707
pred_masks\7_108_pred.png,5708
pred_masks\7_109_pred.png,5709
pred_masks\7_10_pred.png,5710
pred_masks\7_110_pred.png,5711
pred_masks\7_111_pred.png,5712
pred_masks\7_112_pred.png,5713
pred_masks\7_113_pred.png,5714
pred_masks\7_114_pred.png,5715
pred_masks\7_115_pred.png,5716
pred_masks\7_116_pred.png,5717
pred_masks\7_117_pred.png,5718
pred_masks\7_118_pred.png,5719
pred_masks\7_119_pred.png,5720
pred_masks\7_11_pred.png,5721
pred_masks\7_120_pred.png,5722
pred_masks\7_121_pred.png,5723
pred_masks\7_122_pred.png,5724
pred_masks\7_123_pred.png,5725
pred_masks\7_124_pred.png,5726
pred_masks\7_125_pred.png,5727
pred_masks\7_126_pred.png,5728
pred_masks\7_127_pred.png,5729
pred_masks\7_128_pred.png,5730
pred_masks\7_129_pred.png,5731
pred_masks\7_12_pred.png,5732
pred_masks\7_130_pred.png,5733
pred_masks\7_131_pred.png,5734
pred_masks\7_132_pred.png,5735
pred_masks\7_133_pred.png,5736
pred_masks\7_134_pred.png,5737
pred_masks\7_135_pred.png,5738
pred_masks\7_136_pred.png,5739
pred_masks\7_137_pred.png,5740
pred_masks\7_138_pred.png,5741
pred_masks\7_139_pred.png,5742
pred_masks\7_13_pred.png,5743
pred_masks\7_140_pred.png,5744
pred_masks\7_141_pred.png,5745
pred_masks\7_142_pred.png,5746
pred_masks\7_143_pred.png,5747
pred_masks\7_144_pred.png,5748
pred_masks\7_145_pred.png,5749
pred_masks\7_146_pred.png,5750
pred_masks\7_147_pred.png,5751
pred_masks\7_148_pred.png,5752
pred_masks\7_149_pred.png,5753
pred_masks\7_14_pred.png,5754
pred_masks\7_150_pred.png,5755
pred_masks\7_151_pred.png,5756
pred_masks\7_152_pred.png,5757
pred_masks\7_153_pred.png,5758
pred_masks\7_154_pred.png,5759
pred_masks\7_155_pred.png,5760
pred_masks\7_156_pred.png,5761
pred_masks\7_157_pred.png,5762
pred_masks\7_158_pred.png,5763
pred_masks\7_159_pred.png,5764
pred_masks\7_15_pred.png,5765
pred_masks\7_160_pred.png,5766
pred_masks\7_161_pred.png,5767
pred_masks\7_162_pred.png,5768
pred_masks\7_163_pred.png,5769
pred_masks\7_164_pred.png,5770
pred_masks\7_165_pred.png,5771
pred_masks\7_166_pred.png,5772
pred_masks\7_167_pred.png,5773
pred_masks\7_168_pred.png,5774
pred_masks\7_169_pred.png,5775
pred_masks\7_16_pred.png,5776
pred_masks\7_170_pred.png,5777
pred_masks\7_171_pred.png,5778
pred_masks\7_172_pred.png,5779
pred_masks\7_173_pred.png,5780
pred_masks\7_174_pred.png,5781
pred_masks\7_175_pred.png,5782
pred_masks\7_176_pred.png,5783
pred_masks\7_177_pred.png,5784
pred_masks\7_178_pred.png,5785
pred_masks\7_179_pred.png,5786
pred_masks\7_17_pred.png,5787
pred_masks\7_180_pred.png,5788
pred_masks\7_181_pred.png,5789
pred_masks\7_182_pred.png,5790
pred_masks\7_183_pred.png,5791
pred_masks\7_184_pred.png,5792
pred_masks\7_185_pred.png,5793
pred_masks\7_186_pred.png,5794
pred_masks\7_187_pred.png,5795
pred_masks\7_188_pred.png,5796
pred_masks\7_189_pred.png,5797
pred_masks\7_18_pred.png,5798
pred_masks\7_190_pred.png,5799
pred_masks\7_191_pred.png,5800
pred_masks\7_192_pred.png,5801
pred_masks\7_193_pred.png,5802
pred_masks\7_194_pred.png,5803
pred_masks\7_195_pred.png,5804
pred_masks\7_196_pred.png,5805
pred_masks\7_197_pred.png,5806
pred_masks\7_198_pred.png,5807
pred_masks\7_199_pred.png,5808
pred_masks\7_19_pred.png,5809
pred_masks\7_1_pred.png,5810
pred_masks\7_20_pred.png,5811
pred_masks\7_21_pred.png,5812
pred_masks\7_22_pred.png,5813
pred_masks\7_23_pred.png,5814
pred_masks\7_24_pred.png,5815
pred_masks\7_25_pred.png,5816
pred_masks\7_26_pred.png,5817
pred_masks\7_27_pred.png,5818
pred_masks\7_28_pred.png,5819
pred_masks\7_29_pred.png,5820
pred_masks\7_2_pred.png,5821
pred_masks\7_30_pred.png,5822
pred_masks\7_31_pred.png,5823
pred_masks\7_32_pred.png,5824
pred_masks\7_33_pred.png,5825
pred_masks\7_34_pred.png,5826
pred_masks\7_35_pred.png,5827
pred_masks\7_36_pred.png,5828
pred_masks\7_37_pred.png,5829
pred_masks\7_38_pred.png,5830
pred_masks\7_39_pred.png,5831
pred_masks\7_3_pred.png,5832
pred_masks\7_40_pred.png,5833
pred_masks\7_41_pred.png,5834
pred_masks\7_42_pred.png,5835
pred_masks\7_43_pred.png,5836
pred_masks\7_44_pred.png,5837
pred_masks\7_45_pred.png,5838
pred_masks\7_46_pred.png,5839
pred_masks\7_47_pred.png,5840
pred_masks\7_48_pred.png,5841
pred_masks\7_49_pred.png,5842
pred_masks\7_4_pred.png,5843
pred_masks\7_50_pred.png,5844
pred_masks\7_51_pred.png,5845
pred_masks\7_52_pred.png,5846
pred_masks\7_53_pred.png,5847
pred_masks\7_54_pred.png,5848
pred_masks\7_55_pred.png,5849
pred_masks\7_56_pred.png,5850
pred_masks\7_57_pred.png,5851
pred_masks\7_58_pred.png,5852
pred_masks\7_59_pred.png,5853
pred_masks\7_5_pred.png,5854
pred_masks\7_60_pred.png,5855
pred_masks\7_61_pred.png,5856
pred_masks\7_62_pred.png,5857
pred_masks\7_63_pred.png,5858
pred_masks\7_64_pred.png,5859
pred_masks\7_65_pred.png,5860
pred_masks\7_66_pred.png,5861
pred_masks\7_67_pred.png,5862
pred_masks\7_68_pred.png,5863
pred_masks\7_69_pred.png,5864
pred_masks\7_6_pred.png,5865
pred_masks\7_70_pred.png,5866
pred_masks\7_71_pred.png,5867
pred_masks\7_72_pred.png,5868
pred_masks\7_73_pred.png,5869
pred_masks\7_74_pred.png,5870
pred_masks\7_75_pred.png,5871
pred_masks\7_76_pred.png,5872
pred_masks\7_77_pred.png,5873
pred_masks\7_78_pred.png,5874
pred_masks\7_79_pred.png,5875
pred_masks\7_7_pred.png,5876
pred_masks\7_80_pred.png,5877
pred_masks\7_81_pred.png,5878
pred_masks\7_82_pred.png,5879
pred_masks\7_83_pred.png,5880
pred_masks\7_84_pred.png,5881
pred_masks\7_85_pred.png,5882
pred_masks\7_86_pred.png,5883
pred_masks\7_87_pred.png,5884
pred_masks\7_88_pred.png,5885
pred_masks\7_89_pred.png,5886
pred_masks\7_8_pred.png,5887
pred_masks\7_90_pred.png,5888
pred_masks\7_91_pred.png,5889
pred_masks\7_92_pred.png,5890
pred_masks\7_93_pred.png,5891
pred_masks\7_94_pred.png,5892
pred_masks\7_95_pred.png,5893
pred_masks\7_96_pred.png,5894
pred_masks\7_97_pred.png,5895
pred_masks\7_98_pred.png,5896
pred_masks\7_99_pred.png,5897
pred_masks\7_9_pred.png,5898
pred_masks\7_pred.png,5899
pred_masks\8_100_pred.png,5900
pred_masks\8_101_pred.png,5901
pred_masks\8_102_pred.png,5902
pred_masks\8_103_pred.png,5903
pred_masks\8_104_pred.png,5904
pred_masks\8_105_pred.png,5905
pred_masks\8_106_pred.png,5906
pred_masks\8_107_pred.png,5907
pred_masks\8_108_pred.png,5908
pred_masks\8_109_pred.png,5909
pred_masks\8_10_pred.png,5910
pred_masks\8_110_pred.png,5911
pred_masks\8_111_pred.png,5912
pred_masks\8_112_pred.png,5913
pred_masks\8_113_pred.png,5914
pred_masks\8_114_pred.png,5915
pred_masks\8_115_pred.png,5916
pred_masks\8_116_pred.png,5917
pred_masks\8_117_pred.png,5918
pred_masks\8_118_pred.png,5919
pred_masks\8_119_pred.png,5920
pred_masks\8_11_pred.png,5921
pred_masks\8_120_pred.png,5922
pred_masks\8_121_pred.png,5923
pred_masks\8_122_pred.png,5924
pred_masks\8_123_pred.png,5925
pred_masks\8_124_pred.png,5926
pred_masks\8_125_pred.png,5927
pred_masks\8_126_pred.png,5928
pred_masks\8_127_pred.png,5929
pred_masks\8_128_pred.png,5930
pred_masks\8_129_pred.png,5931
pred_masks\8_12_pred.png,5932
pred_masks\8_130_pred.png,5933
pred_masks\8_131_pred.png,5934
pred_masks\8_132_pred.png,5935
pred_masks\8_133_pred.png,5936
pred_masks\8_134_pred.png,5937
pred_masks\8_135_pred.png,5938
pred_masks\8_136_pred.png,5939
pred_masks\8_137_pred.png,5940
pred_masks\8_138_pred.png,5941
pred_masks\8_139_pred.png,5942
pred_masks\8_13_pred.png,5943
pred_masks\8_140_pred.png,5944
pred_masks\8_141_pred.png,5945
pred_masks\8_142_pred.png,5946
pred_masks\8_143_pred.png,5947
pred_masks\8_144_pred.png,5948
pred_masks\8_145_pred.png,5949
pred_masks\8_146_pred.png,5950
pred_masks\8_147_pred.png,5951
pred_masks\8_148_pred.png,5952
pred_masks\8_149_pred.png,5953
pred_masks\8_14_pred.png,5954
pred_masks\8_150_pred.png,5955
pred_masks\8_151_pred.png,5956
pred_masks\8_152_pred.png,5957
pred_masks\8_153_pred.png,5958
pred_masks\8_154_pred.png,5959
pred_masks\8_155_pred.png,5960
pred_masks\8_156_pred.png,5961
pred_masks\8_157_pred.png,5962
pred_masks\8_158_pred.png,5963
pred_masks\8_159_pred.png,5964
pred_masks\8_15_pred.png,5965
pred_masks\8_160_pred.png,5966
pred_masks\8_161_pred.png,5967
pred_masks\8_162_pred.png,5968
pred_masks\8_163_pred.png,5969
pred_masks\8_164_pred.png,5970
pred_masks\8_165_pred.png,5971
pred_masks\8_166_pred.png,5972
pred_masks\8_167_pred.png,5973
pred_masks\8_168_pred.png,5974
pred_masks\8_169_pred.png,5975
pred_masks\8_16_pred.png,5976
pred_masks\8_170_pred.png,5977
pred_masks\8_171_pred.png,5978
pred_masks\8_172_pred.png,5979
pred_masks\8_173_pred.png,5980
pred_masks\8_174_pred.png,5981
pred_masks\8_175_pred.png,5982
pred_masks\8_176_pred.png,5983
pred_masks\8_177_pred.png,5984
pred_masks\8_178_pred.png,5985
pred_masks\8_179_pred.png,5986
pred_masks\8_17_pred.png,5987
pred_masks\8_180_pred.png,5988
pred_masks\8_181_pred.png,5989
pred_masks\8_182_pred.png,5990
pred_masks\8_183_pred.png,5991
pred_masks\8_184_pred.png,5992
pred_masks\8_185_pred.png,5993
pred_masks\8_186_pred.png,5994
pred_masks\8_187_pred.png,5995
pred_masks\8_188_pred.png,5996
pred_masks\8_189_pred.png,5997
pred_masks\8_18_pred.png,5998
pred_masks\8_190_pred.png,5999
pred_masks\8_191_pred.png,6000
pred_masks\8_192_pred.png,6001
pred_masks\8_193_pred.png,6002
pred_masks\8_194_pred.png,6003
pred_masks\8_195_pred.png,6004
pred_masks\8_196_pred.png,6005
pred_masks\8_197_pred.png,6006
pred_masks\8_198_pred.png,6007
pred_masks\8_199_pred.png,6008
pred_masks\8_19_pred.png,6009
pred_masks\8_1_pred.png,6010
pred_masks\8_20_pred.png,6011
pred_masks\8_21_pred.png,6012
pred_masks\8_22_pred.png,6013
pred_masks\8_23_pred.png,6014
pred_masks\8_24_pred.png,6015
pred_masks\8_25_pred.png,6016
pred_masks\8_26_pred.png,6017
pred_masks\8_27_pred.png,6018
pred_masks\8_28_pred.png,6019
pred_masks\8_29_pred.png,6020
pred_masks\8_2_pred.png,6021
pred_masks\8_30_pred.png,6022
pred_masks\8_31_pred.png,6023
pred_masks\8_32_pred.png,6024
pred_masks\8_33_pred.png,6025
pred_masks\8_34_pred.png,6026
pred_masks\8_35_pred.png,6027
pred_masks\8_36_pred.png,6028
pred_masks\8_37_pred.png,6029
pred_masks\8_38_pred.png,6030
pred_masks\8_39_pred.png,6031
pred_masks\8_3_pred.png,6032
pred_masks\8_40_pred.png,6033
pred_masks\8_41_pred.png,6034
pred_masks\8_42_pred.png,6035
pred_masks\8_43_pred.png,6036
pred_masks\8_44_pred.png,6037
pred_masks\8_45_pred.png,6038
pred_masks\8_46_pred.png,6039
pred_masks\8_47_pred.png,6040
pred_masks\8_48_pred.png,6041
pred_masks\8_49_pred.png,6042
pred_masks\8_4_pred.png,6043
pred_masks\8_50_pred.png,6044
pred_masks\8_51_pred.png,6045
pred_masks\8_52_pred.png,6046
pred_masks\8_53_pred.png,6047
pred_masks\8_54_pred.png,6048
pred_masks\8_55_pred.png,6049
pred_masks\8_56_pred.png,6050
pred_masks\8_57_pred.png,6051
pred_masks\8_58_pred.png,6052
pred_masks\8_59_pred.png,6053
pred_masks\8_5_pred.png,6054
pred_masks\8_60_pred.png,6055
pred_masks\8_61_pred.png,6056
pred_masks\8_62_pred.png,6057
pred_masks\8_63_pred.png,6058
pred_masks\8_64_pred.png,6059
pred_masks\8_65_pred.png,6060
pred_masks\8_66_pred.png,6061
pred_masks\8_67_pred.png,6062
pred_masks\8_68_pred.png,6063
pred_masks\8_69_pred.png,6064
pred_masks\8_6_pred.png,6065
pred_masks\8_70_pred.png,6066
pred_masks\8_71_pred.png,6067
pred_masks\8_72_pred.png,6068
pred_masks\8_73_pred.png,6069
pred_masks\8_74_pred.png,6070
pred_masks\8_75_pred.png,6071
pred_masks\8_76_pred.png,6072
pred_masks\8_77_pred.png,6073
pred_masks\8_78_pred.png,6074
pred_masks\8_79_pred.png,6075
pred_masks\8_7_pred.png,6076
pred_masks\8_80_pred.png,6077
pred_masks\8_81_pred.png,6078
pred_masks\8_82_pred.png,6079
pred_masks\8_83_pred.png,6080
pred_masks\8_84_pred.png,6081
pred_masks\8_85_pred.png,6082
pred_masks\8_86_pred.png,6083
pred_masks\8_87_pred.png,6084
pred_masks\8_88_pred.png,6085
pred_masks\8_89_pred.png,6086
pred_masks\8_8_pred.png,6087
pred_masks\8_90_pred.png,6088
pred_masks\8_91_pred.png,6089
pred_masks\8_92_pred.png,6090
pred_masks\8_93_pred.png,6091
pred_masks\8_94_pred.png,6092
pred_masks\8_95_pred.png,6093
pred_masks\8_96_pred.png,6094
pred_masks\8_97_pred.png,6095
pred_masks\8_98_pred.png,6096
pred_masks\8_99_pred.png,6097
pred_masks\8_9_pred.png,6098
pred_masks\8_pred.png,6099
pred_masks\9_100_pred.png,6100
pred_masks\9_101_pred.png,6101
pred_masks\9_102_pred.png,6102
pred_masks\9_103_pred.png,6103
pred_masks\9_104_pred.png,6104
pred_masks\9_105_pred.png,6105
pred_masks\9_106_pred.png,6106
pred_masks\9_107_pred.png,6107
pred_masks\9_108_pred.png,6108
pred_masks\9_109_pred.png,6109
pred_masks\9_10_pred.png,6110
pred_masks\9_110_pred.png,6111
pred_masks\9_111_pred.png,6112
pred_masks\9_112_pred.png,6113
pred_masks\9_113_pred.png,6114
pred_masks\9_114_pred.png,6115
pred_masks\9_115_pred.png,6116
pred_masks\9_116_pred.png,6117
pred_masks\9_117_pred.png,6118
pred_masks\9_118_pred.png,6119
pred_masks\9_119_pred.png,6120
pred_masks\9_11_pred.png,6121
pred_masks\9_120_pred.png,6122
pred_masks\9_121_pred.png,6123
pred_masks\9_122_pred.png,6124
pred_masks\9_123_pred.png,6125
pred_masks\9_124_pred.png,6126
pred_masks\9_125_pred.png,6127
pred_masks\9_126_pred.png,6128
pred_masks\9_127_pred.png,6129
pred_masks\9_128_pred.png,6130
pred_masks\9_129_pred.png,6131
pred_masks\9_12_pred.png,6132
pred_masks\9_130_pred.png,6133
pred_masks\9_131_pred.png,6134
pred_masks\9_132_pred.png,6135
pred_masks\9_133_pred.png,6136
pred_masks\9_134_pred.png,6137
pred_masks\9_135_pred.png,6138
pred_masks\9_136_pred.png,6139
pred_masks\9_137_pred.png,6140
pred_masks\9_138_pred.png,6141
pred_masks\9_139_pred.png,6142
pred_masks\9_13_pred.png,6143
pred_masks\9_140_pred.png,6144
pred_masks\9_141_pred.png,6145
pred_masks\9_142_pred.png,6146
pred_masks\9_143_pred.png,6147
pred_masks\9_144_pred.png,6148
pred_masks\9_145_pred.png,6149
pred_masks\9_146_pred.png,6150
pred_masks\9_147_pred.png,6151
pred_masks\9_148_pred.png,6152
pred_masks\9_149_pred.png,6153
pred_masks\9_14_pred.png,6154
pred_masks\9_150_pred.png,6155
pred_masks\9_151_pred.png,6156
pred_masks\9_152_pred.png,6157
pred_masks\9_153_pred.png,6158
pred_masks\9_154_pred.png,6159
pred_masks\9_155_pred.png,6160
pred_masks\9_156_pred.png,6161
pred_masks\9_157_pred.png,6162
pred_masks\9_158_pred.png,6163
pred_masks\9_159_pred.png,6164
pred_masks\9_15_pred.png,6165
pred_masks\9_160_pred.png,6166
pred_masks\9_161_pred.png,6167
pred_masks\9_162_pred.png,6168
pred_masks\9_163_pred.png,6169
pred_masks\9_164_pred.png,6170
pred_masks\9_165_pred.png,6171
pred_masks\9_166_pred.png,6172
pred_masks\9_167_pred.png,6173
pred_masks\9_168_pred.png,6174
pred_masks\9_169_pred.png,6175
pred_masks\9_16_pred.png,6176
pred_masks\9_170_pred.png,6177
pred_masks\9_171_pred.png,6178
pred_masks\9_172_pred.png,6179
pred_masks\9_173_pred.png,6180
pred_masks\9_174_pred.png,6181
pred_masks\9_175_pred.png,6182
pred_masks\9_176_pred.png,6183
pred_masks\9_177_pred.png,6184
pred_masks\9_178_pred.png,6185
pred_masks\9_179_pred.png,6186
pred_masks\9_17_pred.png,6187
pred_masks\9_180_pred.png,6188
pred_masks\9_181_pred.png,6189
pred_masks\9_182_pred.png,6190
pred_masks\9_183_pred.png,6191
pred_masks\9_184_pred.png,6192
pred_masks\9_185_pred.png,6193
pred_masks\9_186_pred.png,6194
pred_masks\9_187_pred.png,6195
pred_masks\9_188_pred.png,6196
pred_masks\9_189_pred.png,6197
pred_masks\9_18_pred.png,6198
pred_masks\9_190_pred.png,6199
pred_masks\9_191_pred.png,6200
pred_masks\9_192_pred.png,6201
pred_masks\9_193_pred.png,6202
pred_masks\9_194_pred.png,6203
pred_masks\9_195_pred.png,6204
pred_masks\9_196_pred.png,6205
pred_masks\9_197_pred.png,6206
pred_masks\9_198_pred.png,6207
pred_masks\9_199_pred.png,6208
pred_masks\9_19_pred.png,6209
pred_masks\9_1_pred.png,6210
pred_masks\9_20_pred.png,6211
pred_masks\9_21_pred.png,6212
pred_masks\9_22_pred.png,6213
pred_masks\9_23_pred.png,6214
pred_masks\9_24_pred.png,6215
pred_masks\9_25_pred.png,6216
pred_masks\9_26_pred.png,6217
pred_masks\9_27_pred.png,6218
pred_masks\9_28_pred.png,6219
pred_masks\9_29_pred.png,6220
pred_masks\9_2_pred.png,6221
pred_masks\9_30_pred.png,6222
pred_masks\9_31_pred.png,6223
pred_masks\9_32_pred.png,6224
pred_masks\9_33_pred.png,6225
pred_masks\9_34_pred.png,6226
pred_masks\9_35_pred.png,6227
pred_masks\9_36_pred.png,6228
pred_masks\9_37_pred.png,6229
pred_masks\9_38_pred.png,6230
pred_masks\9_39_pred.png,6231
pred_masks\9_3_pred.png,6232
pred_masks\9_40_pred.png,6233
pred_masks\9_41_pred.png,6234
pred_masks\9_42_pred.png,6235
pred_masks\9_43_pred.png,6236
pred_masks\9_44_pred.png,6237
pred_masks\9_45_pred.png,6238
pred_masks\9_46_pred.png,6239
pred_masks\9_47_pred.png,6240
pred_masks\9_48_pred.png,6241
pred_masks\9_49_pred.png,6242
pred_masks\9_4_pred.png,6243
pred_masks\9_50_pred.png,6244
pred_masks\9_51_pred.png,6245
pred_masks\9_52_pred.png,6246
pred_masks\9_53_pred.png,6247
pred_masks\9_54_pred.png,6248
pred_masks\9_55_pred.png,6249
pred_masks\9_56_pred.png,6250
pred_masks\9_57_pred.png,6251
pred_masks\9_58_pred.png,6252
pred_masks\9_59_pred.png,6253
pred_masks\9_5_pred.png,6254
pred_masks\9_60_pred.png,6255
pred_masks\9_61_pred.png,6256
pred_masks\9_62_pred.png,6257
pred_masks\9_63_pred.png,6258
pred_masks\9_64_pred.png,6259
pred_masks\9_65_pred.png,6260
pred_masks\9_66_pred.png,6261
pred_masks\9_67_pred.png,6262
pred_masks\9_68_pred.png,6263
pred_masks\9_69_pred.png,6264
pred_masks\9_6_pred.png,6265
pred_masks\9_70_pred.png,6266
pred_masks\9_71_pred.png,6267
pred_masks\9_72_pred.png,6268
pred_masks\9_73_pred.png,6269
pred_masks\9_74_pred.png,6270
pred_masks\9_75_pred.png,6271
pred_masks\9_76_pred.png,6272
pred_masks\9_77_pred.png,6273
pred_masks\9_78_pred.png,6274
pred_masks\9_79_pred.png,6275
pred_masks\9_7_pred.png,6276
pred_masks\9_80_pred.png,6277
pred_masks\9_81_pred.png,6278
pred_masks\9_82_pred.png,6279
pred_masks\9_83_pred.png,6280
pred_masks\9_84_pred.png,6281
pred_masks\9_85_pred.png,6282
pred_masks\9_86_pred.png,6283
pred_masks\9_87_pred.png,6284
pred_masks\9_88_pred.png,6285
pred_masks\9_89_pred.png,6286
pred_masks\9_8_pred.png,6287
pred_masks\9_90_pred.png,6288
pred_masks\9_91_pred.png,6289
pred_masks\9_92_pred.png,6290
pred_masks\9_93_pred.png,6291
pred_masks\9_94_pred.png,6292
pred_masks\9_95_pred.png,6293
pred_masks\9_96_pred.png,6294
pred_masks\9_97_pred.png,6295
pred_masks\9_98_pred.png,6296
pred_masks\9_99_pred.png,6297
pred_masks\9_9_pred.png,6298
pred_masks\9_pred.png,6299
